index,gold_type,gold_q1,gold_q2,graph_r1_primary,graph_r1_correct,graph_r2_primary,graph_r2_correct,graph_joint,atomr_r1_primary,atomr_r1_correct,atomr_r2_primary,atomr_r2_correct,atomr_joint,deepsieve_r1_primary,deepsieve_r1_correct,deepsieve_r2_primary,deepsieve_r2_correct,deepsieve_joint
0,type_k2d,kg,doc,kg,1,kg,0,0,kg,1,kg,0,0,kg,1,kg,0,0
1,type_k2d,kg,doc,kg,1,table,0,0,kg,1,doc,1,1,doc,0,kg,0,0
2,type_k2d,kg,doc,kg,1,kg,0,0,kg,1,doc,1,1,kg,1,kg,0,0
3,type_k2d,kg,doc,kg,1,doc,1,1,kg,1,doc,1,1,kg,1,doc,1,1
4,type_k2d,kg,doc,kg,1,doc,1,1,kg,1,doc,1,1,kg,1,kg,0,0
5,type_k2d,kg,doc,kg,1,doc,1,1,kg,1,kg,0,0,kg,1,kg,0,0
6,type_k2d,kg,doc,kg,1,kg,0,0,kg,1,kg,0,0,kg,1,kg,0,0
7,type_k2d,kg,doc,kg,1,doc,1,1,kg,1,doc,1,1,kg,1,kg,0,0
8,type_k2d,kg,doc,table,0,kg,0,0,kg,1,kg,0,0,kg,1,kg,0,0
9,type_k2d,kg,doc,kg,1,doc,1,1,kg,1,doc,1,1,kg,1,kg,0,0
10,type_k2d,kg,doc,kg,1,kg,0,0,kg,1,kg,0,0,kg,1,kg,0,0
11,type_k2d,kg,doc,kg,1,doc,1,1,kg,1,doc,1,1,doc,0,doc,1,0
12,type_k2d,kg,doc,kg,1,doc,1,1,kg,1,doc,1,1,kg,1,kg,0,0
13,type_k2d,kg,doc,kg,1,doc,1,1,kg,1,doc,1,1,kg,1,doc,1,1
14,type_k2d,kg,doc,kg,1,doc,1,1,kg,1,doc,1,1,kg,1,kg,0,0
15,type_k2d,kg,doc,kg,1,doc,1,1,kg,1,table,0,0,kg,1,doc,1,1
16,type_k2d,kg,doc,kg,1,doc,1,1,kg,1,table,0,0,kg,1,kg,0,0
17,type_k2d,kg,doc,kg,1,doc,1,1,kg,1,doc,1,1,kg,1,kg,0,0
18,type_k2d,kg,doc,kg,1,table,0,0,kg,1,table,0,0,kg,1,kg,0,0
19,type_k2d,kg,doc,kg,1,doc,1,1,kg,1,doc,1,1,kg,1,doc,1,1
20,type_k2d,kg,doc,kg,1,kg,0,0,kg,1,doc,1,1,kg,1,kg,0,0
21,type_k2d,kg,doc,kg,1,doc,1,1,kg,1,table,0,0,kg,1,kg,0,0
22,type_k2d,kg,doc,kg,1,doc,1,1,kg,1,doc,1,1,doc,0,doc,1,0
23,type_k2d,kg,doc,kg,1,doc,1,1,kg,1,doc,1,1,kg,1,kg,0,0
24,type_k2d,kg,doc,kg,1,doc,1,1,kg,1,kg,0,0,doc,0,kg,0,0
25,type_k2d,kg,doc,kg,1,doc,1,1,kg,1,kg,0,0,kg,1,doc,1,1
26,type_k2d,kg,doc,kg,1,doc,1,1,kg,1,doc,1,1,kg,1,kg,0,0
27,type_k2d,kg,doc,kg,1,doc,1,1,kg,1,doc,1,1,doc,0,kg,0,0
28,type_k2d,kg,doc,kg,1,doc,1,1,kg,1,table,0,0,kg,1,kg,0,0
29,type_k2d,kg,doc,kg,1,kg,0,0,kg,1,doc,1,1,kg,1,kg,0,0
30,type_k2d,kg,doc,kg,1,doc,1,1,kg,1,doc,1,1,kg,1,doc,1,1
31,type_k2d,kg,doc,kg,1,kg,0,0,kg,1,kg,0,0,kg,1,kg,0,0
32,type_k2d,kg,doc,doc,0,doc,1,0,kg,1,kg,0,0,kg,1,doc,1,1
33,type_k2d,kg,doc,kg,1,kg,0,0,kg,1,kg,0,0,kg,1,doc,1,1
34,type_k2d,kg,doc,kg,1,doc,1,1,kg,1,table,0,0,kg,1,kg,0,0
35,type_k2d,kg,doc,kg,1,table,0,0,kg,1,table,0,0,kg,1,doc,1,1
36,type_k2d,kg,doc,kg,1,kg,0,0,kg,1,doc,1,1,kg,1,doc,1,1
37,type_k2d,kg,doc,kg,1,doc,1,1,kg,1,doc,1,1,kg,1,kg,0,0
38,type_k2d,kg,doc,kg,1,doc,1,1,kg,1,doc,1,1,kg,1,kg,0,0
39,type_k2d,kg,doc,kg,1,doc,1,1,kg,1,table,0,0,kg,1,doc,1,1
40,type_k2d,kg,doc,kg,1,doc,1,1,kg,1,table,0,0,kg,1,doc,1,1
41,type_k2d,kg,doc,kg,1,doc,1,1,kg,1,doc,1,1,kg,1,kg,0,0
42,type_k2d,kg,doc,kg,1,doc,1,1,kg,1,doc,1,1,kg,1,kg,0,0
43,type_k2d,kg,doc,kg,1,doc,1,1,kg,1,kg,0,0,doc,0,doc,1,0
44,type_k2d,kg,doc,kg,1,doc,1,1,kg,1,doc,1,1,kg,1,kg,0,0
45,type_k2d,kg,doc,kg,1,doc,1,1,kg,1,kg,0,0,kg,1,doc,1,1
46,type_k2d,kg,doc,kg,1,doc,1,1,kg,1,doc,1,1,kg,1,kg,0,0
47,type_k2d,kg,doc,kg,1,doc,1,1,kg,1,doc,1,1,kg,1,kg,0,0
48,type_k2d,kg,doc,kg,1,kg,0,0,kg,1,doc,1,1,kg,1,kg,0,0
49,type_k2d,kg,doc,kg,1,kg,0,0,kg,1,kg,0,0,kg,1,kg,0,0
50,type_k2d,kg,doc,kg,1,kg,0,0,kg,1,kg,0,0,kg,1,kg,0,0
51,type_k2d,kg,doc,kg,1,doc,1,1,kg,1,doc,1,1,kg,1,kg,0,0
52,type_k2d,kg,doc,kg,1,doc,1,1,kg,1,doc,1,1,doc,0,kg,0,0
53,type_k2d,kg,doc,kg,1,kg,0,0,kg,1,kg,0,0,doc,0,kg,0,0
54,type_k2d,kg,doc,kg,1,kg,0,0,kg,1,kg,0,0,doc,0,kg,0,0
55,type_k2d,kg,doc,kg,1,doc,1,1,kg,1,table,0,0,kg,1,doc,1,1
56,type_k2d,kg,doc,kg,1,doc,1,1,kg,1,doc,1,1,kg,1,doc,1,1
57,type_k2d,kg,doc,kg,1,table,0,0,kg,1,table,0,0,kg,1,doc,1,1
58,type_k2d,kg,doc,kg,1,kg,0,0,kg,1,kg,0,0,kg,1,kg,0,0
59,type_k2d,kg,doc,kg,1,doc,1,1,kg,1,doc,1,1,kg,1,kg,0,0
60,type_k2d,kg,doc,kg,1,kg,0,0,kg,1,kg,0,0,kg,1,kg,0,0
61,type_k2d,kg,doc,kg,1,doc,1,1,kg,1,doc,1,1,kg,1,kg,0,0
62,type_k2d,kg,doc,kg,1,table,0,0,kg,1,kg,0,0,kg,1,kg,0,0
63,type_k2d,kg,doc,kg,1,doc,1,1,kg,1,kg,0,0,kg,1,doc,1,1
64,type_k2d,kg,doc,kg,1,kg,0,0,kg,1,doc,1,1,doc,0,kg,0,0
65,type_k2d,kg,doc,doc,0,table,0,0,kg,1,table,0,0,kg,1,kg,0,0
66,type_k2d,kg,doc,table,0,doc,1,0,kg,1,kg,0,0,kg,1,doc,1,1
67,type_k2d,kg,doc,kg,1,kg,0,0,kg,1,kg,0,0,kg,1,kg,0,0
68,type_k2d,kg,doc,kg,1,doc,1,1,kg,1,kg,0,0,kg,1,kg,0,0
69,type_k2d,kg,doc,kg,1,doc,1,1,kg,1,table,0,0,kg,1,kg,0,0
70,type_k2d,kg,doc,kg,1,doc,1,1,kg,1,table,0,0,kg,1,kg,0,0
71,type_k2d,kg,doc,kg,1,doc,1,1,kg,1,doc,1,1,kg,1,kg,0,0
72,type_k2d,kg,doc,kg,1,table,0,0,kg,1,doc,1,1,kg,1,kg,0,0
73,type_k2d,kg,doc,kg,1,kg,0,0,kg,1,kg,0,0,kg,1,kg,0,0
74,type_k2d,kg,doc,kg,1,doc,1,1,kg,1,doc,1,1,kg,1,kg,0,0
75,type_k2d,kg,doc,kg,1,doc,1,1,kg,1,doc,1,1,kg,1,kg,0,0
76,type_k2d,kg,doc,kg,1,doc,1,1,kg,1,kg,0,0,kg,1,kg,0,0
77,type_k2d,kg,doc,kg,1,kg,0,0,kg,1,doc,1,1,kg,1,kg,0,0
78,type_k2d,kg,doc,kg,1,doc,1,1,kg,1,doc,1,1,kg,1,kg,0,0
79,type_k2d,kg,doc,kg,1,doc,1,1,kg,1,kg,0,0,kg,1,kg,0,0
80,type_k2d,kg,doc,kg,1,doc,1,1,kg,1,table,0,0,kg,1,kg,0,0
81,type_k2d,kg,doc,kg,1,doc,1,1,kg,1,doc,1,1,kg,1,doc,1,1
82,type_k2d,kg,doc,kg,1,table,0,0,kg,1,table,0,0,kg,1,kg,0,0
83,type_k2d,kg,doc,kg,1,doc,1,1,kg,1,doc,1,1,kg,1,doc,1,1
84,type_k2d,kg,doc,kg,1,doc,1,1,kg,1,doc,1,1,kg,1,kg,0,0
85,type_k2d,kg,doc,kg,1,kg,0,0,kg,1,doc,1,1,kg,1,kg,0,0
86,type_k2d,kg,doc,kg,1,kg,0,0,kg,1,kg,0,0,kg,1,kg,0,0
87,type_k2d,kg,doc,kg,1,kg,0,0,kg,1,doc,1,1,kg,1,kg,0,0
88,type_k2d,kg,doc,kg,1,doc,1,1,kg,1,kg,0,0,kg,1,doc,1,1
89,type_k2d,kg,doc,kg,1,doc,1,1,kg,1,doc,1,1,kg,1,kg,0,0
90,type_k2d,kg,doc,kg,1,kg,0,0,kg,1,kg,0,0,kg,1,doc,1,1
91,type_k2d,kg,doc,kg,1,doc,1,1,kg,1,doc,1,1,kg,1,doc,1,1
92,type_k2d,kg,doc,kg,1,doc,1,1,kg,1,doc,1,1,kg,1,kg,0,0
93,type_k2d,kg,doc,kg,1,doc,1,1,kg,1,doc,1,1,kg,1,kg,0,0
94,type_k2d,kg,doc,kg,1,kg,0,0,kg,1,kg,0,0,doc,0,kg,0,0
95,type_k2d,kg,doc,kg,1,table,0,0,kg,1,table,0,0,kg,1,kg,0,0
96,type_k2d,kg,doc,kg,1,doc,1,1,kg,1,kg,0,0,kg,1,kg,0,0
97,type_k2d,kg,doc,kg,1,kg,0,0,kg,1,kg,0,0,doc,0,kg,0,0
98,type_k2d,kg,doc,kg,1,doc,1,1,kg,1,doc,1,1,kg,1,kg,0,0
99,type_k2d,kg,doc,kg,1,kg,0,0,kg,1,doc,1,1,kg,1,kg,0,0
100,type_k2d,kg,doc,kg,1,kg,0,0,kg,1,kg,0,0,doc,0,kg,0,0
101,type_k2d,kg,doc,kg,1,kg,0,0,kg,1,doc,1,1,kg,1,kg,0,0
102,type_k2d,kg,doc,kg,1,kg,0,0,kg,1,doc,1,1,doc,0,doc,1,0
103,type_k2d,kg,doc,kg,1,kg,0,0,kg,1,kg,0,0,doc,0,kg,0,0
104,type_k2d,kg,doc,kg,1,doc,1,1,kg,1,doc,1,1,kg,1,kg,0,0
105,type_k2d,kg,doc,kg,1,doc,1,1,kg,1,doc,1,1,kg,1,kg,0,0
106,type_k2d,kg,doc,kg,1,kg,0,0,kg,1,kg,0,0,doc,0,kg,0,0
107,type_k2d,kg,doc,kg,1,kg,0,0,kg,1,doc,1,1,kg,1,kg,0,0
108,type_k2d,kg,doc,kg,1,kg,0,0,kg,1,kg,0,0,kg,1,kg,0,0
109,type_k2d,kg,doc,kg,1,kg,0,0,kg,1,kg,0,0,kg,1,kg,0,0
110,type_k2d,kg,doc,kg,1,kg,0,0,kg,1,doc,1,1,kg,1,doc,1,1
111,type_k2d,kg,doc,kg,1,doc,1,1,kg,1,doc,1,1,doc,0,doc,1,0
112,type_k2d,kg,doc,kg,1,doc,1,1,kg,1,kg,0,0,doc,0,kg,0,0
113,type_k2d,kg,doc,kg,1,doc,1,1,kg,1,doc,1,1,kg,1,doc,1,1
114,type_k2d,kg,doc,kg,1,doc,1,1,kg,1,kg,0,0,kg,1,kg,0,0
115,type_k2d,kg,doc,kg,1,doc,1,1,kg,1,table,0,0,kg,1,kg,0,0
116,type_k2d,kg,doc,kg,1,doc,1,1,kg,1,doc,1,1,kg,1,kg,0,0
117,type_k2d,kg,doc,kg,1,kg,0,0,kg,1,doc,1,1,kg,1,doc,1,1
118,type_k2d,kg,doc,kg,1,doc,1,1,kg,1,doc,1,1,doc,0,doc,1,0
119,type_k2d,kg,doc,kg,1,doc,1,1,kg,1,kg,0,0,kg,1,kg,0,0
120,type_k2d,kg,doc,kg,1,kg,0,0,kg,1,kg,0,0,kg,1,kg,0,0
121,type_k2d,kg,doc,kg,1,kg,0,0,kg,1,kg,0,0,table,0,kg,0,0
122,type_k2d,kg,doc,kg,1,doc,1,1,kg,1,kg,0,0,kg,1,doc,1,1
123,type_k2d,kg,doc,kg,1,kg,0,0,kg,1,doc,1,1,kg,1,doc,1,1
124,type_k2d,kg,doc,kg,1,doc,1,1,kg,1,doc,1,1,kg,1,doc,1,1
125,type_k2d,kg,doc,kg,1,doc,1,1,kg,1,doc,1,1,kg,1,kg,0,0
126,type_k2d,kg,doc,kg,1,kg,0,0,kg,1,kg,0,0,kg,1,kg,0,0
127,type_k2d,kg,doc,kg,1,doc,1,1,kg,1,doc,1,1,doc,0,doc,1,0
128,type_k2d,kg,doc,kg,1,doc,1,1,kg,1,doc,1,1,kg,1,kg,0,0
129,type_k2d,kg,doc,kg,1,doc,1,1,kg,1,kg,0,0,kg,1,doc,1,1
130,type_k2d,kg,doc,kg,1,kg,0,0,kg,1,kg,0,0,kg,1,kg,0,0
131,type_k2d,kg,doc,kg,1,kg,0,0,kg,1,kg,0,0,kg,1,kg,0,0
132,type_k2d,kg,doc,kg,1,doc,1,1,kg,1,doc,1,1,kg,1,kg,0,0
133,type_k2d,kg,doc,kg,1,doc,1,1,kg,1,doc,1,1,kg,1,kg,0,0
134,type_k2d,kg,doc,kg,1,kg,0,0,kg,1,kg,0,0,kg,1,kg,0,0
135,type_k2d,kg,doc,kg,1,doc,1,1,kg,1,doc,1,1,kg,1,kg,0,0
136,type_k2d,kg,doc,kg,1,doc,1,1,kg,1,doc,1,1,kg,1,kg,0,0
137,type_k2d,kg,doc,kg,1,doc,1,1,kg,1,doc,1,1,doc,0,doc,1,0
138,type_k2d,kg,doc,kg,1,table,0,0,kg,1,table,0,0,kg,1,doc,1,1
139,type_k2d,kg,doc,kg,1,doc,1,1,kg,1,doc,1,1,kg,1,kg,0,0
140,type_k2d,kg,doc,kg,1,kg,0,0,kg,1,doc,1,1,kg,1,kg,0,0
141,type_k2d,kg,doc,kg,1,doc,1,1,kg,1,kg,0,0,kg,1,doc,1,1
142,type_k2d,kg,doc,kg,1,table,0,0,kg,1,table,0,0,kg,1,kg,0,0
143,type_k2d,kg,doc,kg,1,kg,0,0,kg,1,kg,0,0,kg,1,kg,0,0
144,type_k2d,kg,doc,kg,1,doc,1,1,kg,1,kg,0,0,kg,1,doc,1,1
145,type_k2d,kg,doc,kg,1,doc,1,1,kg,1,doc,1,1,kg,1,doc,1,1
146,type_k2d,kg,doc,kg,1,table,0,0,kg,1,table,0,0,kg,1,doc,1,1
147,type_k2d,kg,doc,kg,1,doc,1,1,kg,1,kg,0,0,kg,1,kg,0,0
148,type_k2d,kg,doc,kg,1,doc,1,1,kg,1,kg,0,0,kg,1,kg,0,0
149,type_k2d,kg,doc,kg,1,doc,1,1,kg,1,kg,0,0,doc,0,kg,0,0
150,type_k2d,kg,doc,kg,1,kg,0,0,kg,1,doc,1,1,kg,1,doc,1,1
151,type_k2d,kg,doc,kg,1,kg,0,0,kg,1,kg,0,0,kg,1,kg,0,0
152,type_k2d,kg,doc,kg,1,kg,0,0,kg,1,kg,0,0,kg,1,kg,0,0
153,type_k2d,kg,doc,kg,1,doc,1,1,kg,1,kg,0,0,kg,1,doc,1,1
154,type_k2d,kg,doc,kg,1,kg,0,0,kg,1,doc,1,1,kg,1,doc,1,1
155,type_k2d,kg,doc,kg,1,doc,1,1,kg,1,doc,1,1,kg,1,kg,0,0
156,type_k2d,kg,doc,kg,1,kg,0,0,kg,1,doc,1,1,kg,1,kg,0,0
157,type_k2d,kg,doc,kg,1,doc,1,1,kg,1,kg,0,0,kg,1,doc,1,1
158,type_k2d,kg,doc,kg,1,table,0,0,kg,1,kg,0,0,kg,1,kg,0,0
159,type_k2d,kg,doc,kg,1,kg,0,0,kg,1,doc,1,1,kg,1,kg,0,0
160,type_k2d,kg,doc,kg,1,kg,0,0,kg,1,kg,0,0,kg,1,kg,0,0
161,type_k2d,kg,doc,table,0,doc,1,0,kg,1,doc,1,1,kg,1,doc,1,1
162,type_k2d,kg,doc,kg,1,doc,1,1,kg,1,doc,1,1,kg,1,doc,1,1
163,type_k2d,kg,doc,kg,1,doc,1,1,kg,1,kg,0,0,table,0,kg,0,0
164,type_k2d,kg,doc,kg,1,doc,1,1,kg,1,doc,1,1,kg,1,kg,0,0
165,type_k2d,kg,doc,kg,1,kg,0,0,kg,1,doc,1,1,kg,1,kg,0,0
166,type_k2d,kg,doc,kg,1,table,0,0,kg,1,table,0,0,kg,1,doc,1,1
167,type_k2d,kg,doc,kg,1,table,0,0,kg,1,table,0,0,kg,1,kg,0,0
168,type_k2d,kg,doc,kg,1,doc,1,1,kg,1,doc,1,1,kg,1,doc,1,1
169,type_k2d,kg,doc,kg,1,kg,0,0,kg,1,kg,0,0,kg,1,kg,0,0
170,type_k2d,kg,doc,kg,1,kg,0,0,kg,1,doc,1,1,table,0,kg,0,0
171,type_k2d,kg,doc,table,0,doc,1,0,kg,1,doc,1,1,kg,1,doc,1,1
172,type_k2d,kg,doc,table,0,doc,1,0,kg,1,kg,0,0,kg,1,doc,1,1
173,type_k2d,kg,doc,table,0,doc,1,0,kg,1,doc,1,1,kg,1,kg,0,0
174,type_k2d,kg,doc,kg,1,doc,1,1,kg,1,doc,1,1,kg,1,doc,1,1
175,type_k2d,kg,doc,kg,1,doc,1,1,kg,1,doc,1,1,kg,1,kg,0,0
176,type_k2d,kg,doc,kg,1,doc,1,1,kg,1,doc,1,1,kg,1,kg,0,0
177,type_k2d,kg,doc,kg,1,doc,1,1,kg,1,table,0,0,kg,1,doc,1,1
178,type_k2d,kg,doc,table,0,doc,1,0,kg,1,doc,1,1,kg,1,kg,0,0
179,type_k2d,kg,doc,kg,1,kg,0,0,kg,1,kg,0,0,kg,1,doc,1,1
180,type_k2d,kg,doc,table,0,kg,0,0,kg,1,kg,0,0,kg,1,doc,1,1
181,type_k2d,kg,doc,kg,1,doc,1,1,kg,1,doc,1,1,table,0,kg,0,0
182,type_k2d,kg,doc,kg,1,table,0,0,kg,1,kg,0,0,kg,1,doc,1,1
183,type_k2d,kg,doc,table,0,kg,0,0,kg,1,kg,0,0,kg,1,kg,0,0
184,type_k2d,kg,doc,kg,1,table,0,0,kg,1,table,0,0,kg,1,kg,0,0
185,type_k2d,kg,doc,kg,1,doc,1,1,kg,1,table,0,0,doc,0,doc,1,0
186,type_k2d,kg,doc,kg,1,kg,0,0,kg,1,kg,0,0,kg,1,kg,0,0
187,type_k2d,kg,doc,kg,1,kg,0,0,kg,1,kg,0,0,kg,1,kg,0,0
188,type_k2d,kg,doc,kg,1,kg,0,0,kg,1,doc,1,1,table,0,doc,1,0
189,type_k2d,kg,doc,table,0,kg,0,0,kg,1,kg,0,0,kg,1,kg,0,0
190,type_k2d,kg,doc,kg,1,doc,1,1,kg,1,doc,1,1,kg,1,doc,1,1
191,type_k2d,kg,doc,table,0,table,0,0,kg,1,doc,1,1,kg,1,kg,0,0
192,type_k2d,kg,doc,kg,1,table,0,0,kg,1,table,0,0,kg,1,kg,0,0
193,type_k2d,kg,doc,kg,1,doc,1,1,kg,1,doc,1,1,kg,1,kg,0,0
194,type_k2d,kg,doc,kg,1,table,0,0,kg,1,doc,1,1,kg,1,kg,0,0
195,type_k2d,kg,doc,kg,1,kg,0,0,kg,1,kg,0,0,kg,1,kg,0,0
196,type_k2d,kg,doc,kg,1,doc,1,1,kg,1,kg,0,0,kg,1,kg,0,0
197,type_k2d,kg,doc,kg,1,kg,0,0,kg,1,doc,1,1,kg,1,kg,0,0
198,type_k2d,kg,doc,table,0,doc,1,0,kg,1,doc,1,1,kg,1,doc,1,1
199,type_k2d,kg,doc,kg,1,table,0,0,kg,1,table,0,0,kg,1,kg,0,0
200,type_k2d,kg,doc,kg,1,kg,0,0,kg,1,kg,0,0,table,0,kg,0,0
201,type_k2d,kg,doc,kg,1,table,0,0,kg,1,table,0,0,kg,1,kg,0,0
202,type_k2d,kg,doc,kg,1,doc,1,1,kg,1,kg,0,0,kg,1,kg,0,0
203,type_k2d,kg,doc,kg,1,doc,1,1,kg,1,kg,0,0,table,0,kg,0,0
204,type_k2d,kg,doc,kg,1,table,0,0,kg,1,table,0,0,kg,1,doc,1,1
205,type_k2d,kg,doc,table,0,doc,1,0,kg,1,doc,1,1,kg,1,kg,0,0
206,type_k2d,kg,doc,table,0,kg,0,0,kg,1,kg,0,0,doc,0,doc,1,0
207,type_k2d,kg,doc,kg,1,doc,1,1,kg,1,doc,1,1,kg,1,kg,0,0
208,type_k2d,kg,doc,table,0,doc,1,0,kg,1,table,0,0,kg,1,kg,0,0
209,type_k2d,kg,doc,kg,1,doc,1,1,kg,1,doc,1,1,kg,1,doc,1,1
210,type_k2d,kg,doc,table,0,kg,0,0,kg,1,kg,0,0,kg,1,kg,0,0
211,type_k2d,kg,doc,kg,1,kg,0,0,kg,1,kg,0,0,kg,1,doc,1,1
212,type_k2d,kg,doc,table,0,doc,1,0,kg,1,kg,0,0,kg,1,doc,1,1
213,type_k2d,kg,doc,kg,1,kg,0,0,kg,1,kg,0,0,kg,1,kg,0,0
214,type_k2d,kg,doc,table,0,doc,1,0,kg,1,doc,1,1,kg,1,kg,0,0
215,type_k2d,kg,doc,kg,1,kg,0,0,kg,1,kg,0,0,kg,1,kg,0,0
216,type_k2d,kg,doc,table,0,kg,0,0,kg,1,doc,1,1,kg,1,kg,0,0
217,type_k2d,kg,doc,table,0,kg,0,0,kg,1,kg,0,0,kg,1,kg,0,0
218,type_k2d,kg,doc,table,0,doc,1,0,kg,1,doc,1,1,kg,1,doc,1,1
219,type_k2d,kg,doc,kg,1,table,0,0,kg,1,kg,0,0,kg,1,kg,0,0
220,type_k2d,kg,doc,kg,1,table,0,0,kg,1,table,0,0,kg,1,doc,1,1
221,type_k2d,kg,doc,kg,1,doc,1,1,kg,1,doc,1,1,kg,1,kg,0,0
222,type_k2d,kg,doc,kg,1,doc,1,1,kg,1,doc,1,1,kg,1,kg,0,0
223,type_k2d,kg,doc,kg,1,kg,0,0,kg,1,kg,0,0,kg,1,kg,0,0
224,type_k2d,kg,doc,table,0,table,0,0,kg,1,doc,1,1,kg,1,doc,1,1
225,type_k2d,kg,doc,kg,1,doc,1,1,kg,1,doc,1,1,kg,1,doc,1,1
226,type_k2d,kg,doc,kg,1,doc,1,1,kg,1,kg,0,0,table,0,doc,1,0
227,type_k2d,kg,doc,table,0,doc,1,0,kg,1,table,0,0,kg,1,kg,0,0
228,type_k2d,kg,doc,table,0,doc,1,0,kg,1,doc,1,1,kg,1,kg,0,0
229,type_k2d,kg,doc,table,0,doc,1,0,kg,1,doc,1,1,kg,1,doc,1,1
230,type_k2d,kg,doc,kg,1,kg,0,0,kg,1,kg,0,0,kg,1,kg,0,0
231,type_k2d,kg,doc,table,0,kg,0,0,kg,1,kg,0,0,table,0,kg,0,0
232,type_k2d,kg,doc,kg,1,kg,0,0,kg,1,kg,0,0,kg,1,kg,0,0
233,type_k2d,kg,doc,table,0,kg,0,0,kg,1,kg,0,0,kg,1,kg,0,0
234,type_k2d,kg,doc,kg,1,kg,0,0,kg,1,kg,0,0,kg,1,kg,0,0
235,type_k2d,kg,doc,table,0,kg,0,0,kg,1,kg,0,0,kg,1,kg,0,0
236,type_k2d,kg,doc,table,0,kg,0,0,kg,1,kg,0,0,kg,1,kg,0,0
237,type_k2d,kg,doc,kg,1,doc,1,1,kg,1,kg,0,0,kg,1,kg,0,0
238,type_k2d,kg,doc,kg,1,doc,1,1,kg,1,doc,1,1,kg,1,kg,0,0
239,type_k2d,kg,doc,kg,1,kg,0,0,kg,1,doc,1,1,kg,1,kg,0,0
240,type_k2d,kg,doc,table,0,doc,1,0,kg,1,kg,0,0,kg,1,kg,0,0
241,type_k2d,kg,doc,kg,1,doc,1,1,kg,1,kg,0,0,table,0,kg,0,0
242,type_k2d,kg,doc,kg,1,kg,0,0,kg,1,doc,1,1,table,0,kg,0,0
243,type_k2d,kg,doc,kg,1,doc,1,1,kg,1,doc,1,1,kg,1,kg,0,0
244,type_k2d,kg,doc,table,0,doc,1,0,kg,1,kg,0,0,kg,1,kg,0,0
245,type_k2d,kg,doc,table,0,kg,0,0,kg,1,kg,0,0,kg,1,kg,0,0
246,type_k2d,kg,doc,table,0,kg,0,0,kg,1,doc,1,1,kg,1,kg,0,0
247,type_k2d,kg,doc,kg,1,doc,1,1,kg,1,doc,1,1,kg,1,doc,1,1
248,type_k2d,kg,doc,table,0,kg,0,0,kg,1,kg,0,0,table,0,kg,0,0
249,type_k2d,kg,doc,kg,1,doc,1,1,kg,1,doc,1,1,kg,1,doc,1,1
250,type_k2d,kg,doc,table,0,kg,0,0,kg,1,doc,1,1,kg,1,kg,0,0
251,type_k2d,kg,doc,kg,1,doc,1,1,kg,1,doc,1,1,kg,1,kg,0,0
252,type_k2d,kg,doc,table,0,table,0,0,kg,1,kg,0,0,table,0,kg,0,0
253,type_k2d,kg,doc,kg,1,doc,1,1,kg,1,doc,1,1,kg,1,doc,1,1
254,type_k2d,kg,doc,table,0,doc,1,0,kg,1,kg,0,0,table,0,doc,1,0
255,type_k2d,kg,doc,kg,1,doc,1,1,kg,1,kg,0,0,kg,1,doc,1,1
256,type_k2d,kg,doc,kg,1,doc,1,1,kg,1,doc,1,1,kg,1,doc,1,1
257,type_k2d,kg,doc,kg,1,kg,0,0,kg,1,kg,0,0,table,0,kg,0,0
258,type_k2d,kg,doc,kg,1,kg,0,0,kg,1,kg,0,0,table,0,kg,0,0
259,type_k2d,kg,doc,kg,1,kg,0,0,kg,1,kg,0,0,kg,1,doc,1,1
260,type_k2d,kg,doc,kg,1,table,0,0,kg,1,kg,0,0,kg,1,doc,1,1
261,type_k2d,kg,doc,kg,1,kg,0,0,kg,1,kg,0,0,kg,1,kg,0,0
262,type_k2d,kg,doc,kg,1,kg,0,0,kg,1,kg,0,0,kg,1,kg,0,0
263,type_k2d,kg,doc,kg,1,doc,1,1,kg,1,kg,0,0,kg,1,kg,0,0
264,type_k2d,kg,doc,kg,1,doc,1,1,kg,1,doc,1,1,kg,1,doc,1,1
265,type_k2d,kg,doc,table,0,doc,1,0,kg,1,table,0,0,table,0,doc,1,0
266,type_k2d,kg,doc,kg,1,doc,1,1,kg,1,doc,1,1,doc,0,kg,0,0
267,type_k2d,kg,doc,kg,1,table,0,0,kg,1,doc,1,1,kg,1,doc,1,1
268,type_k2d,kg,doc,kg,1,doc,1,1,kg,1,doc,1,1,kg,1,doc,1,1
269,type_k2d,kg,doc,kg,1,kg,0,0,kg,1,kg,0,0,kg,1,kg,0,0
270,type_k2d,kg,doc,table,0,kg,0,0,kg,1,doc,1,1,table,0,kg,0,0
271,type_k2d,kg,doc,table,0,kg,0,0,kg,1,kg,0,0,kg,1,kg,0,0
272,type_k2d,kg,doc,kg,1,kg,0,0,kg,1,kg,0,0,kg,1,kg,0,0
273,type_k2d,kg,doc,table,0,kg,0,0,kg,1,kg,0,0,kg,1,kg,0,0
274,type_k2d,kg,doc,kg,1,doc,1,1,kg,1,doc,1,1,kg,1,doc,1,1
275,type_k2d,kg,doc,table,0,doc,1,0,kg,1,table,0,0,kg,1,kg,0,0
276,type_k2d,kg,doc,kg,1,kg,0,0,kg,1,doc,1,1,table,0,kg,0,0
277,type_k2d,kg,doc,kg,1,doc,1,1,kg,1,kg,0,0,table,0,doc,1,0
278,type_k2d,kg,doc,kg,1,doc,1,1,kg,1,doc,1,1,kg,1,doc,1,1
279,type_k2d,kg,doc,kg,1,kg,0,0,kg,1,kg,0,0,table,0,kg,0,0
280,type_k2d,kg,doc,kg,1,kg,0,0,kg,1,kg,0,0,kg,1,kg,0,0
281,type_k2d,kg,doc,kg,1,kg,0,0,kg,1,kg,0,0,kg,1,kg,0,0
282,type_k2d,kg,doc,kg,1,doc,1,1,kg,1,table,0,0,kg,1,doc,1,1
283,type_k2d,kg,doc,kg,1,doc,1,1,kg,1,doc,1,1,kg,1,kg,0,0
284,type_k2d,kg,doc,kg,1,doc,1,1,kg,1,doc,1,1,table,0,kg,0,0
285,type_k2d,kg,doc,table,0,table,0,0,kg,1,table,0,0,kg,1,doc,1,1
286,type_k2d,kg,doc,kg,1,doc,1,1,kg,1,kg,0,0,table,0,kg,0,0
287,type_k2d,kg,doc,table,0,kg,0,0,kg,1,doc,1,1,kg,1,kg,0,0
288,type_k2d,kg,doc,kg,1,kg,0,0,kg,1,kg,0,0,kg,1,kg,0,0
289,type_k2d,kg,doc,table,0,doc,1,0,kg,1,doc,1,1,kg,1,kg,0,0
290,type_k2d,kg,doc,kg,1,kg,0,0,kg,1,kg,0,0,kg,1,kg,0,0
291,type_k2d,kg,doc,kg,1,doc,1,1,kg,1,doc,1,1,kg,1,doc,1,1
292,type_k2d,kg,doc,kg,1,doc,1,1,kg,1,doc,1,1,kg,1,doc,1,1
293,type_k2d,kg,doc,kg,1,doc,1,1,kg,1,table,0,0,table,0,kg,0,0
294,type_k2d,kg,doc,table,0,table,0,0,kg,1,kg,0,0,kg,1,kg,0,0
295,type_k2d,kg,doc,kg,1,doc,1,1,kg,1,kg,0,0,table,0,kg,0,0
296,type_k2d,kg,doc,kg,1,doc,1,1,kg,1,doc,1,1,kg,1,kg,0,0
297,type_k2d,kg,doc,table,0,doc,1,0,kg,1,doc,1,1,kg,1,kg,0,0
298,type_k2d,kg,doc,kg,1,kg,0,0,kg,1,kg,0,0,kg,1,kg,0,0
299,type_k2d,kg,doc,kg,1,kg,0,0,kg,1,kg,0,0,kg,1,kg,0,0
300,type_k2d,kg,doc,table,0,doc,1,0,kg,1,kg,0,0,doc,0,doc,1,0
301,type_k2d,kg,doc,table,0,doc,1,0,kg,1,doc,1,1,kg,1,doc,1,1
302,type_k2d,kg,doc,kg,1,table,0,0,kg,1,table,0,0,kg,1,kg,0,0
303,type_k2d,kg,doc,kg,1,kg,0,0,kg,1,kg,0,0,table,0,doc,1,0
304,type_k2d,kg,doc,kg,1,kg,0,0,kg,1,doc,1,1,kg,1,kg,0,0
305,type_k2d,kg,doc,kg,1,doc,1,1,kg,1,doc,1,1,kg,1,kg,0,0
306,type_k2d,kg,doc,kg,1,doc,1,1,kg,1,doc,1,1,kg,1,doc,1,1
307,type_k2d,kg,doc,kg,1,kg,0,0,kg,1,kg,0,0,kg,1,kg,0,0
308,type_k2d,kg,doc,kg,1,doc,1,1,kg,1,table,0,0,kg,1,doc,1,1
309,type_k2d,kg,doc,kg,1,doc,1,1,kg,1,table,0,0,kg,1,doc,1,1
310,type_k2d,kg,doc,kg,1,kg,0,0,kg,1,kg,0,0,table,0,doc,1,0
311,type_k2d,kg,doc,kg,1,doc,1,1,kg,1,table,0,0,kg,1,kg,0,0
312,type_k2d,kg,doc,kg,1,kg,0,0,kg,1,doc,1,1,table,0,doc,1,0
313,type_k2d,kg,doc,kg,1,doc,1,1,kg,1,kg,0,0,kg,1,doc,1,1
314,type_k2d,kg,doc,doc,0,kg,0,0,doc,0,doc,1,0,doc,0,kg,0,0
315,type_k2d,kg,doc,kg,1,kg,0,0,kg,1,doc,1,1,table,0,kg,0,0
316,type_k2d,kg,doc,kg,1,doc,1,1,kg,1,doc,1,1,table,0,kg,0,0
317,type_k2d,kg,doc,kg,1,kg,0,0,kg,1,doc,1,1,kg,1,kg,0,0
318,type_k2d,kg,doc,kg,1,kg,0,0,kg,1,kg,0,0,table,0,kg,0,0
319,type_k2d,kg,doc,kg,1,doc,1,1,kg,1,doc,1,1,table,0,kg,0,0
320,type_k2d,kg,doc,kg,1,table,0,0,kg,1,table,0,0,kg,1,kg,0,0
321,type_k2d,kg,doc,kg,1,kg,0,0,kg,1,doc,1,1,kg,1,kg,0,0
322,type_k2d,kg,doc,kg,1,table,0,0,kg,1,table,0,0,kg,1,kg,0,0
323,type_k2d,kg,doc,kg,1,kg,0,0,kg,1,kg,0,0,table,0,kg,0,0
324,type_k2d,kg,doc,kg,1,kg,0,0,kg,1,doc,1,1,kg,1,doc,1,1
325,type_k2d,kg,doc,kg,1,kg,0,0,kg,1,kg,0,0,table,0,kg,0,0
326,type_k2d,kg,doc,kg,1,doc,1,1,kg,1,doc,1,1,kg,1,doc,1,1
327,type_k2d,kg,doc,kg,1,kg,0,0,kg,1,kg,0,0,table,0,kg,0,0
328,type_k2d,kg,doc,kg,1,doc,1,1,kg,1,table,0,0,table,0,kg,0,0
329,type_k2d,kg,doc,kg,1,doc,1,1,kg,1,doc,1,1,kg,1,kg,0,0
330,type_k2d,kg,doc,kg,1,doc,1,1,kg,1,doc,1,1,kg,1,kg,0,0
331,type_k2d,kg,doc,kg,1,kg,0,0,kg,1,kg,0,0,kg,1,kg,0,0
332,type_k2d,kg,doc,kg,1,kg,0,0,kg,1,kg,0,0,kg,1,kg,0,0
333,type_k2d,kg,doc,kg,1,doc,1,1,kg,1,kg,0,0,kg,1,kg,0,0
334,type_k2d,kg,doc,kg,1,kg,0,0,kg,1,kg,0,0,kg,1,kg,0,0
335,type_k2d,kg,doc,kg,1,kg,0,0,kg,1,kg,0,0,kg,1,kg,0,0
336,type_k2d,kg,doc,kg,1,kg,0,0,kg,1,kg,0,0,kg,1,kg,0,0
337,type_k2d,kg,doc,kg,1,doc,1,1,kg,1,doc,1,1,kg,1,kg,0,0
338,type_k2d,kg,doc,kg,1,doc,1,1,kg,1,doc,1,1,kg,1,kg,0,0
339,type_k2d,kg,doc,kg,1,doc,1,1,kg,1,doc,1,1,kg,1,kg,0,0
340,type_k2d,kg,doc,kg,1,kg,0,0,kg,1,kg,0,0,kg,1,kg,0,0
341,type_k2d,kg,doc,kg,1,kg,0,0,kg,1,doc,1,1,kg,1,kg,0,0
342,type_k2d,kg,doc,kg,1,doc,1,1,kg,1,doc,1,1,kg,1,kg,0,0
343,type_k2d,kg,doc,kg,1,kg,0,0,kg,1,doc,1,1,kg,1,kg,0,0
344,type_k2d,kg,doc,kg,1,kg,0,0,kg,1,kg,0,0,kg,1,kg,0,0
345,type_k2d,kg,doc,kg,1,kg,0,0,kg,1,kg,0,0,kg,1,kg,0,0
346,type_k2d,kg,doc,kg,1,kg,0,0,kg,1,kg,0,0,kg,1,kg,0,0
347,type_k2d,kg,doc,kg,1,kg,0,0,kg,1,kg,0,0,kg,1,kg,0,0
348,type_k2d,kg,doc,kg,1,kg,0,0,kg,1,kg,0,0,kg,1,kg,0,0
349,type_k2d,kg,doc,kg,1,doc,1,1,kg,1,doc,1,1,kg,1,kg,0,0
350,type_k2d,kg,doc,kg,1,doc,1,1,kg,1,kg,0,0,kg,1,kg,0,0
351,type_k2d,kg,doc,kg,1,doc,1,1,kg,1,kg,0,0,kg,1,doc,1,1
352,type_k2d,kg,doc,kg,1,kg,0,0,kg,1,doc,1,1,kg,1,kg,0,0
353,type_k2d,kg,doc,kg,1,kg,0,0,kg,1,kg,0,0,kg,1,kg,0,0
354,type_k2d,kg,doc,kg,1,kg,0,0,kg,1,kg,0,0,kg,1,kg,0,0
355,type_k2d,kg,doc,kg,1,kg,0,0,kg,1,kg,0,0,kg,1,kg,0,0
356,type_k2d,kg,doc,kg,1,doc,1,1,kg,1,doc,1,1,kg,1,kg,0,0
357,type_k2d,kg,doc,kg,1,kg,0,0,kg,1,kg,0,0,kg,1,kg,0,0
358,type_k2d,kg,doc,kg,1,kg,0,0,kg,1,doc,1,1,doc,0,kg,0,0
359,type_k2d,kg,doc,kg,1,kg,0,0,kg,1,kg,0,0,kg,1,kg,0,0
360,type_k2d,kg,doc,kg,1,kg,0,0,kg,1,kg,0,0,kg,1,kg,0,0
361,type_k2d,kg,doc,kg,1,kg,0,0,kg,1,kg,0,0,kg,1,kg,0,0
362,type_k2d,kg,doc,kg,1,doc,1,1,kg,1,kg,0,0,kg,1,kg,0,0
363,type_k2d,kg,doc,kg,1,doc,1,1,kg,1,kg,0,0,kg,1,kg,0,0
364,type_k2d,kg,doc,kg,1,doc,1,1,kg,1,kg,0,0,kg,1,doc,1,1
365,type_k2d,kg,doc,kg,1,doc,1,1,kg,1,kg,0,0,kg,1,kg,0,0
366,type_k2d,kg,doc,kg,1,kg,0,0,kg,1,kg,0,0,kg,1,kg,0,0
367,type_k2d,kg,doc,kg,1,kg,0,0,kg,1,kg,0,0,kg,1,kg,0,0
368,type_k2d,kg,doc,kg,1,doc,1,1,kg,1,kg,0,0,kg,1,doc,1,1
369,type_k2d,kg,doc,kg,1,doc,1,1,kg,1,kg,0,0,kg,1,kg,0,0
370,type_k2d,kg,doc,kg,1,kg,0,0,kg,1,kg,0,0,kg,1,kg,0,0
371,type_k2d,kg,doc,kg,1,kg,0,0,kg,1,kg,0,0,kg,1,kg,0,0
372,type_k2d,kg,doc,kg,1,doc,1,1,kg,1,doc,1,1,kg,1,doc,1,1
373,type_k2d,kg,doc,kg,1,doc,1,1,kg,1,kg,0,0,kg,1,kg,0,0
374,type_k2d,kg,doc,kg,1,kg,0,0,kg,1,kg,0,0,kg,1,kg,0,0
375,type_k2d,kg,doc,kg,1,doc,1,1,kg,1,kg,0,0,kg,1,kg,0,0
376,type_k2d,kg,doc,kg,1,kg,0,0,kg,1,kg,0,0,kg,1,kg,0,0
377,type_k2d,kg,doc,kg,1,doc,1,1,kg,1,doc,1,1,kg,1,kg,0,0
378,type_k2d,kg,doc,kg,1,kg,0,0,kg,1,kg,0,0,kg,1,kg,0,0
379,type_k2d,kg,doc,kg,1,table,0,0,kg,1,kg,0,0,kg,1,kg,0,0
380,type_k2d,kg,doc,kg,1,kg,0,0,kg,1,kg,0,0,kg,1,kg,0,0
381,type_k2d,kg,doc,kg,1,kg,0,0,kg,1,kg,0,0,kg,1,kg,0,0
382,type_k2d,kg,doc,kg,1,kg,0,0,kg,1,kg,0,0,kg,1,kg,0,0
383,type_k2d,kg,doc,kg,1,doc,1,1,kg,1,doc,1,1,kg,1,doc,1,1
384,type_k2d,kg,doc,kg,1,kg,0,0,kg,1,kg,0,0,kg,1,kg,0,0
385,type_k2d,kg,doc,kg,1,kg,0,0,kg,1,kg,0,0,kg,1,kg,0,0
386,type_k2d,kg,doc,kg,1,kg,0,0,kg,1,kg,0,0,kg,1,kg,0,0
387,type_k2d,kg,doc,kg,1,kg,0,0,kg,1,doc,1,1,kg,1,doc,1,1
388,type_k2d,kg,doc,kg,1,doc,1,1,kg,1,doc,1,1,kg,1,kg,0,0
389,type_k2d,kg,doc,kg,1,doc,1,1,kg,1,kg,0,0,doc,0,kg,0,0
390,type_k2d,kg,doc,kg,1,doc,1,1,kg,1,kg,0,0,kg,1,doc,1,1
391,type_k2d,kg,doc,kg,1,doc,1,1,kg,1,kg,0,0,kg,1,kg,0,0
392,type_k2d,kg,doc,kg,1,doc,1,1,kg,1,kg,0,0,kg,1,kg,0,0
393,type_k2d,kg,doc,kg,1,doc,1,1,kg,1,kg,0,0,kg,1,kg,0,0
394,type_k2d,kg,doc,kg,1,kg,0,0,kg,1,kg,0,0,kg,1,kg,0,0
395,type_k2d,kg,doc,kg,1,kg,0,0,kg,1,kg,0,0,kg,1,kg,0,0
396,type_k2d,kg,doc,kg,1,doc,1,1,kg,1,doc,1,1,kg,1,doc,1,1
397,type_k2d,kg,doc,kg,1,doc,1,1,kg,1,kg,0,0,doc,0,kg,0,0
398,type_k2d,kg,doc,kg,1,kg,0,0,kg,1,kg,0,0,kg,1,kg,0,0
399,type_k2d,kg,doc,kg,1,doc,1,1,kg,1,doc,1,1,kg,1,doc,1,1
400,type_k2d,kg,doc,kg,1,kg,0,0,kg,1,kg,0,0,kg,1,kg,0,0
401,type_k2d,kg,doc,kg,1,kg,0,0,kg,1,kg,0,0,kg,1,kg,0,0
402,type_k2d,kg,doc,kg,1,doc,1,1,kg,1,doc,1,1,kg,1,kg,0,0
403,type_k2d,kg,doc,kg,1,kg,0,0,kg,1,kg,0,0,kg,1,kg,0,0
404,type_k2d,kg,doc,kg,1,kg,0,0,kg,1,kg,0,0,kg,1,kg,0,0
405,type_k2d,kg,doc,kg,1,doc,1,1,kg,1,kg,0,0,kg,1,doc,1,1
406,type_k2d,kg,doc,kg,1,doc,1,1,kg,1,kg,0,0,kg,1,kg,0,0
407,type_k2d,kg,doc,kg,1,kg,0,0,kg,1,kg,0,0,kg,1,kg,0,0
408,type_k2d,kg,doc,kg,1,kg,0,0,kg,1,kg,0,0,kg,1,kg,0,0
409,type_k2d,kg,doc,kg,1,kg,0,0,kg,1,kg,0,0,kg,1,kg,0,0
410,type_k2d,kg,doc,kg,1,doc,1,1,kg,1,kg,0,0,kg,1,kg,0,0
411,type_k2d,kg,doc,kg,1,kg,0,0,kg,1,doc,1,1,kg,1,doc,1,1
412,type_k2d,kg,doc,kg,1,kg,0,0,kg,1,kg,0,0,kg,1,kg,0,0
413,type_k2d,kg,doc,kg,1,kg,0,0,kg,1,kg,0,0,kg,1,kg,0,0
414,type_k2d,kg,doc,kg,1,kg,0,0,kg,1,kg,0,0,kg,1,kg,0,0
415,type_k2d,kg,doc,kg,1,doc,1,1,kg,1,kg,0,0,kg,1,kg,0,0
416,type_k2d,kg,doc,kg,1,doc,1,1,kg,1,kg,0,0,kg,1,kg,0,0
417,type_k2d,kg,doc,kg,1,kg,0,0,kg,1,kg,0,0,kg,1,kg,0,0
418,type_k2d,kg,doc,kg,1,doc,1,1,kg,1,kg,0,0,kg,1,kg,0,0
419,type_k2d,kg,doc,kg,1,kg,0,0,kg,1,doc,1,1,kg,1,doc,1,1
420,type_k2d,kg,doc,kg,1,doc,1,1,kg,1,doc,1,1,kg,1,doc,1,1
421,type_k2d,kg,doc,kg,1,doc,1,1,kg,1,doc,1,1,kg,1,doc,1,1
422,type_k2d,kg,doc,kg,1,doc,1,1,kg,1,doc,1,1,kg,1,doc,1,1
423,type_k2d,kg,doc,kg,1,doc,1,1,kg,1,doc,1,1,kg,1,kg,0,0
424,type_k2d,kg,doc,kg,1,doc,1,1,kg,1,doc,1,1,kg,1,kg,0,0
425,type_k2d,kg,doc,kg,1,doc,1,1,kg,1,doc,1,1,kg,1,doc,1,1
426,type_k2d,kg,doc,kg,1,doc,1,1,kg,1,doc,1,1,kg,1,kg,0,0
427,type_k2d,kg,doc,kg,1,table,0,0,kg,1,doc,1,1,kg,1,doc,1,1
428,type_k2d,kg,doc,kg,1,doc,1,1,kg,1,doc,1,1,kg,1,kg,0,0
429,type_k2d,kg,doc,kg,1,kg,0,0,kg,1,doc,1,1,kg,1,kg,0,0
430,type_k2d,kg,doc,kg,1,kg,0,0,kg,1,doc,1,1,kg,1,doc,1,1
431,type_k2d,kg,doc,kg,1,doc,1,1,kg,1,doc,1,1,kg,1,doc,1,1
432,type_k2d,kg,doc,kg,1,kg,0,0,kg,1,doc,1,1,kg,1,kg,0,0
433,type_k2d,kg,doc,kg,1,table,0,0,kg,1,doc,1,1,kg,1,doc,1,1
434,type_k2d,kg,doc,kg,1,kg,0,0,kg,1,doc,1,1,kg,1,doc,1,1
435,type_k2d,kg,doc,kg,1,table,0,0,kg,1,kg,0,0,kg,1,kg,0,0
436,type_k2d,kg,doc,kg,1,doc,1,1,kg,1,doc,1,1,kg,1,kg,0,0
437,type_k2d,kg,doc,kg,1,doc,1,1,kg,1,doc,1,1,kg,1,kg,0,0
438,type_k2d,kg,doc,kg,1,table,0,0,kg,1,doc,1,1,kg,1,doc,1,1
439,type_k2d,kg,doc,kg,1,table,0,0,kg,1,doc,1,1,kg,1,doc,1,1
440,type_k2d,kg,doc,kg,1,doc,1,1,kg,1,kg,0,0,kg,1,kg,0,0
441,type_k2d,kg,doc,kg,1,kg,0,0,kg,1,kg,0,0,kg,1,kg,0,0
442,type_k2d,kg,doc,kg,1,doc,1,1,kg,1,doc,1,1,kg,1,kg,0,0
443,type_k2d,kg,doc,kg,1,doc,1,1,kg,1,doc,1,1,kg,1,kg,0,0
444,type_k2d,kg,doc,kg,1,doc,1,1,kg,1,doc,1,1,kg,1,doc,1,1
445,type_k2d,kg,doc,kg,1,doc,1,1,kg,1,doc,1,1,kg,1,doc,1,1
446,type_k2d,kg,doc,kg,1,doc,1,1,kg,1,doc,1,1,kg,1,kg,0,0
447,type_k2d,kg,doc,kg,1,doc,1,1,kg,1,doc,1,1,kg,1,kg,0,0
448,type_k2d,kg,doc,kg,1,doc,1,1,kg,1,doc,1,1,kg,1,kg,0,0
449,type_k2d,kg,doc,kg,1,doc,1,1,kg,1,doc,1,1,kg,1,doc,1,1
450,type_k2d,kg,doc,kg,1,doc,1,1,kg,1,doc,1,1,kg,1,kg,0,0
451,type_k2d,kg,doc,kg,1,kg,0,0,kg,1,table,0,0,kg,1,kg,0,0
452,type_k2d,kg,doc,kg,1,table,0,0,kg,1,doc,1,1,kg,1,kg,0,0
453,type_k2d,kg,doc,kg,1,table,0,0,kg,1,kg,0,0,kg,1,kg,0,0
454,type_k2d,kg,doc,kg,1,table,0,0,kg,1,doc,1,1,kg,1,kg,0,0
455,type_k2d,kg,doc,kg,1,doc,1,1,kg,1,doc,1,1,kg,1,kg,0,0
456,type_k2d,kg,doc,kg,1,doc,1,1,kg,1,table,0,0,kg,1,kg,0,0
457,type_k2d,kg,doc,kg,1,doc,1,1,kg,1,doc,1,1,kg,1,kg,0,0
458,type_k2d,kg,doc,kg,1,kg,0,0,kg,1,kg,0,0,kg,1,kg,0,0
459,type_k2d,kg,doc,kg,1,doc,1,1,kg,1,doc,1,1,kg,1,doc,1,1
460,type_k2d,kg,doc,kg,1,doc,1,1,kg,1,doc,1,1,kg,1,kg,0,0
461,type_k2d,kg,doc,kg,1,doc,1,1,kg,1,doc,1,1,kg,1,kg,0,0
462,type_k2d,kg,doc,kg,1,doc,1,1,kg,1,doc,1,1,kg,1,doc,1,1
463,type_k2d,kg,doc,kg,1,table,0,0,kg,1,table,0,0,kg,1,doc,1,1
464,type_k2d,kg,doc,kg,1,doc,1,1,kg,1,doc,1,1,kg,1,kg,0,0
465,type_k2d,kg,doc,kg,1,table,0,0,kg,1,kg,0,0,kg,1,kg,0,0
466,type_k2d,kg,doc,kg,1,kg,0,0,kg,1,kg,0,0,kg,1,kg,0,0
467,type_k2d,kg,doc,kg,1,doc,1,1,kg,1,doc,1,1,kg,1,kg,0,0
468,type_k2d,kg,doc,kg,1,kg,0,0,kg,1,kg,0,0,kg,1,kg,0,0
469,type_k2d,kg,doc,kg,1,table,0,0,kg,1,doc,1,1,kg,1,kg,0,0
470,type_k2d,kg,doc,kg,1,table,0,0,kg,1,doc,1,1,kg,1,kg,0,0
471,type_k2d,kg,doc,kg,1,kg,0,0,kg,1,doc,1,1,kg,1,doc,1,1
472,type_k2d,kg,doc,kg,1,doc,1,1,kg,1,doc,1,1,kg,1,kg,0,0
473,type_k2d,kg,doc,kg,1,doc,1,1,kg,1,doc,1,1,kg,1,doc,1,1
474,type_k2d,kg,doc,kg,1,kg,0,0,kg,1,doc,1,1,kg,1,kg,0,0
475,type_k2d,kg,doc,kg,1,doc,1,1,kg,1,doc,1,1,kg,1,kg,0,0
476,type_k2d,kg,doc,kg,1,kg,0,0,kg,1,doc,1,1,kg,1,kg,0,0
477,type_k2d,kg,doc,kg,1,kg,0,0,kg,1,table,0,0,kg,1,kg,0,0
478,type_k2d,kg,doc,kg,1,doc,1,1,kg,1,doc,1,1,kg,1,kg,0,0
479,type_k2d,kg,doc,kg,1,doc,1,1,kg,1,doc,1,1,kg,1,kg,0,0
480,type_k2d,kg,doc,kg,1,doc,1,1,kg,1,doc,1,1,kg,1,kg,0,0
481,type_k2d,kg,doc,kg,1,table,0,0,kg,1,doc,1,1,kg,1,doc,1,1
482,type_k2d,kg,doc,kg,1,table,0,0,kg,1,doc,1,1,kg,1,kg,0,0
483,type_k2d,kg,doc,kg,1,doc,1,1,kg,1,doc,1,1,kg,1,kg,0,0
484,type_k2d,kg,doc,kg,1,table,0,0,kg,1,doc,1,1,kg,1,kg,0,0
485,type_k2d,kg,doc,kg,1,doc,1,1,kg,1,doc,1,1,kg,1,kg,0,0
486,type_k2d,kg,doc,kg,1,doc,1,1,kg,1,doc,1,1,kg,1,kg,0,0
487,type_k2d,kg,doc,kg,1,doc,1,1,kg,1,doc,1,1,kg,1,kg,0,0
488,type_k2d,kg,doc,kg,1,doc,1,1,kg,1,doc,1,1,kg,1,kg,0,0
489,type_k2d,kg,doc,kg,1,doc,1,1,kg,1,doc,1,1,kg,1,doc,1,1
490,type_k2d,kg,doc,kg,1,table,0,0,kg,1,doc,1,1,kg,1,kg,0,0
491,type_k2d,kg,doc,kg,1,doc,1,1,kg,1,kg,0,0,kg,1,kg,0,0
492,type_k2d,kg,doc,kg,1,doc,1,1,kg,1,doc,1,1,kg,1,kg,0,0
493,type_k2d,kg,doc,kg,1,doc,1,1,kg,1,doc,1,1,kg,1,kg,0,0
494,type_k2d,kg,doc,kg,1,doc,1,1,kg,1,doc,1,1,kg,1,kg,0,0
495,type_k2d,kg,doc,kg,1,table,0,0,kg,1,doc,1,1,kg,1,doc,1,1
496,type_k2d,kg,doc,kg,1,doc,1,1,kg,1,doc,1,1,kg,1,doc,1,1
497,type_k2d,kg,doc,kg,1,doc,1,1,kg,1,doc,1,1,kg,1,kg,0,0
498,type_k2d,kg,doc,kg,1,kg,0,0,kg,1,doc,1,1,kg,1,kg,0,0
499,type_k2d,kg,doc,kg,1,table,0,0,kg,1,doc,1,1,kg,1,doc,1,1
500,type_k2d,kg,doc,kg,1,doc,1,1,kg,1,doc,1,1,kg,1,kg,0,0
501,type_k2d,kg,doc,kg,1,kg,0,0,kg,1,doc,1,1,kg,1,kg,0,0
502,type_k2d,kg,doc,kg,1,doc,1,1,kg,1,doc,1,1,kg,1,kg,0,0
503,type_k2d,kg,doc,kg,1,table,0,0,kg,1,doc,1,1,kg,1,doc,1,1
504,type_k2d,kg,doc,kg,1,doc,1,1,kg,1,doc,1,1,kg,1,kg,0,0
505,type_k2d,kg,doc,kg,1,doc,1,1,kg,1,doc,1,1,kg,1,kg,0,0
506,type_k2d,kg,doc,kg,1,doc,1,1,kg,1,doc,1,1,kg,1,kg,0,0
507,type_k2d,kg,doc,kg,1,doc,1,1,kg,1,doc,1,1,kg,1,kg,0,0
508,type_k2d,kg,doc,kg,1,doc,1,1,kg,1,doc,1,1,kg,1,doc,1,1
509,type_k2d,kg,doc,kg,1,table,0,0,kg,1,doc,1,1,kg,1,kg,0,0
510,type_k2d,kg,doc,kg,1,table,0,0,kg,1,doc,1,1,kg,1,doc,1,1
511,type_k2d,kg,doc,kg,1,table,0,0,kg,1,doc,1,1,kg,1,kg,0,0
512,type_k2d,kg,doc,kg,1,doc,1,1,kg,1,doc,1,1,kg,1,kg,0,0
513,type_k2d,kg,doc,kg,1,doc,1,1,kg,1,doc,1,1,kg,1,kg,0,0
514,type_k2d,kg,doc,kg,1,doc,1,1,kg,1,doc,1,1,kg,1,kg,0,0
515,type_k2d,kg,doc,kg,1,doc,1,1,kg,1,doc,1,1,kg,1,kg,0,0
516,type_k2d,kg,doc,kg,1,doc,1,1,kg,1,doc,1,1,kg,1,kg,0,0
517,type_k2d,kg,doc,kg,1,kg,0,0,kg,1,doc,1,1,kg,1,kg,0,0
518,type_k2d,kg,doc,kg,1,kg,0,0,kg,1,doc,1,1,kg,1,kg,0,0
519,type_k2d,kg,doc,kg,1,table,0,0,kg,1,doc,1,1,kg,1,doc,1,1
520,type_k2d,kg,doc,kg,1,kg,0,0,kg,1,doc,1,1,kg,1,kg,0,0
521,type_k2d,kg,doc,kg,1,doc,1,1,kg,1,doc,1,1,kg,1,kg,0,0
522,type_k2d,kg,doc,kg,1,doc,1,1,kg,1,doc,1,1,kg,1,kg,0,0
523,type_k2d,kg,doc,kg,1,doc,1,1,kg,1,doc,1,1,kg,1,doc,1,1
524,type_k2d,kg,doc,kg,1,kg,0,0,kg,1,doc,1,1,kg,1,kg,0,0
525,type_k2d,kg,doc,kg,1,kg,0,0,kg,1,doc,1,1,kg,1,kg,0,0
526,type_k2d,kg,doc,kg,1,doc,1,1,kg,1,doc,1,1,kg,1,kg,0,0
527,type_k2d,kg,doc,kg,1,table,0,0,kg,1,doc,1,1,kg,1,kg,0,0
528,type_k2d,kg,doc,kg,1,doc,1,1,kg,1,doc,1,1,kg,1,kg,0,0
529,type_k2d,kg,doc,kg,1,kg,0,0,kg,1,kg,0,0,kg,1,kg,0,0
530,type_k2d,kg,doc,kg,1,doc,1,1,kg,1,doc,1,1,kg,1,kg,0,0
531,type_k2d,kg,doc,kg,1,table,0,0,kg,1,doc,1,1,kg,1,doc,1,1
532,type_k2d,kg,doc,kg,1,doc,1,1,kg,1,doc,1,1,kg,1,doc,1,1
533,type_k2d,kg,doc,kg,1,doc,1,1,kg,1,doc,1,1,kg,1,kg,0,0
534,type_k2d,kg,doc,kg,1,doc,1,1,kg,1,doc,1,1,kg,1,kg,0,0
535,type_k2d,kg,doc,kg,1,table,0,0,kg,1,doc,1,1,kg,1,doc,1,1
536,type_k2d,kg,doc,kg,1,doc,1,1,kg,1,doc,1,1,kg,1,doc,1,1
537,type_k2d,kg,doc,kg,1,doc,1,1,kg,1,doc,1,1,kg,1,kg,0,0
538,type_k2d,kg,doc,kg,1,doc,1,1,kg,1,doc,1,1,kg,1,kg,0,0
539,type_k2d,kg,doc,kg,1,kg,0,0,kg,1,doc,1,1,kg,1,doc,1,1
540,type_k2d,kg,doc,kg,1,table,0,0,kg,1,doc,1,1,kg,1,doc,1,1
541,type_k2d,kg,doc,kg,1,kg,0,0,kg,1,doc,1,1,kg,1,kg,0,0
542,type_k2d,kg,doc,kg,1,doc,1,1,kg,1,doc,1,1,kg,1,kg,0,0
543,type_k2d,kg,doc,kg,1,doc,1,1,kg,1,doc,1,1,kg,1,kg,0,0
544,type_k2d,kg,doc,kg,1,doc,1,1,kg,1,doc,1,1,kg,1,kg,0,0
545,type_k2d,kg,doc,kg,1,doc,1,1,kg,1,doc,1,1,kg,1,kg,0,0
546,type_k2d,kg,doc,kg,1,doc,1,1,kg,1,doc,1,1,kg,1,kg,0,0
547,type_k2d,kg,doc,kg,1,doc,1,1,kg,1,doc,1,1,kg,1,kg,0,0
548,type_k2d,kg,doc,kg,1,kg,0,0,kg,1,doc,1,1,kg,1,kg,0,0
549,type_k2d,kg,doc,kg,1,doc,1,1,kg,1,doc,1,1,kg,1,kg,0,0
550,type_k2d,kg,doc,kg,1,doc,1,1,kg,1,doc,1,1,kg,1,kg,0,0
551,type_k2d,kg,doc,kg,1,table,0,0,kg,1,doc,1,1,kg,1,doc,1,1
552,type_k2d,kg,doc,kg,1,doc,1,1,kg,1,doc,1,1,kg,1,kg,0,0
553,type_k2d,kg,doc,kg,1,doc,1,1,kg,1,kg,0,0,kg,1,kg,0,0
554,type_k2d,kg,doc,kg,1,kg,0,0,kg,1,doc,1,1,kg,1,kg,0,0
555,type_k2d,kg,doc,kg,1,table,0,0,kg,1,doc,1,1,kg,1,kg,0,0
556,type_k2d,kg,doc,kg,1,doc,1,1,kg,1,doc,1,1,kg,1,kg,0,0
557,type_k2d,kg,doc,kg,1,doc,1,1,kg,1,doc,1,1,kg,1,kg,0,0
558,type_k2d,kg,doc,kg,1,table,0,0,kg,1,doc,1,1,kg,1,doc,1,1
559,type_k2d,kg,doc,kg,1,doc,1,1,kg,1,doc,1,1,kg,1,doc,1,1
560,type_k2d,kg,doc,kg,1,kg,0,0,kg,1,doc,1,1,kg,1,kg,0,0
561,type_k2d,kg,doc,kg,1,doc,1,1,kg,1,doc,1,1,doc,0,doc,1,0
562,type_k2d,kg,doc,kg,1,doc,1,1,kg,1,doc,1,1,kg,1,kg,0,0
563,type_k2d,kg,doc,kg,1,kg,0,0,kg,1,doc,1,1,kg,1,kg,0,0
564,type_k2d,kg,doc,kg,1,doc,1,1,kg,1,doc,1,1,kg,1,kg,0,0
565,type_k2d,kg,doc,kg,1,doc,1,1,kg,1,kg,0,0,doc,0,kg,0,0
566,type_k2d,kg,doc,kg,1,doc,1,1,kg,1,doc,1,1,kg,1,kg,0,0
567,type_k2d,kg,doc,kg,1,kg,0,0,kg,1,table,0,0,kg,1,kg,0,0
568,type_k2d,kg,doc,kg,1,doc,1,1,kg,1,doc,1,1,kg,1,kg,0,0
569,type_k2d,kg,doc,kg,1,doc,1,1,kg,1,doc,1,1,kg,1,kg,0,0
570,type_k2d,kg,doc,kg,1,table,0,0,kg,1,table,0,0,kg,1,kg,0,0
571,type_k2d,kg,doc,kg,1,doc,1,1,kg,1,doc,1,1,kg,1,doc,1,1
572,type_k2d,kg,doc,kg,1,doc,1,1,kg,1,kg,0,0,kg,1,doc,1,1
573,type_k2d,kg,doc,kg,1,doc,1,1,kg,1,doc,1,1,kg,1,doc,1,1
574,type_k2d,kg,doc,kg,1,kg,0,0,kg,1,doc,1,1,kg,1,kg,0,0
575,type_k2d,kg,doc,kg,1,kg,0,0,kg,1,kg,0,0,doc,0,doc,1,0
576,type_k2d,kg,doc,table,0,kg,0,0,kg,1,doc,1,1,kg,1,kg,0,0
577,type_d2k,doc,kg,kg,0,kg,1,0,kg,0,kg,1,0,kg,0,kg,1,0
578,type_d2k,doc,kg,kg,0,kg,1,0,kg,0,kg,1,0,kg,0,kg,1,0
579,type_d2k,doc,kg,kg,0,kg,1,0,kg,0,kg,1,0,kg,0,kg,1,0
580,type_d2k,doc,kg,kg,0,kg,1,0,kg,0,kg,1,0,doc,1,kg,1,1
581,type_d2k,doc,kg,kg,0,kg,1,0,kg,0,kg,1,0,kg,0,kg,1,0
582,type_d2k,doc,kg,doc,1,kg,1,1,kg,0,kg,1,0,kg,0,kg,1,0
583,type_d2k,doc,kg,doc,1,kg,1,1,doc,1,kg,1,1,doc,1,kg,1,1
584,type_d2k,doc,kg,kg,0,kg,1,0,kg,0,kg,1,0,kg,0,kg,1,0
585,type_d2k,doc,kg,kg,0,kg,1,0,kg,0,kg,1,0,kg,0,kg,1,0
586,type_d2k,doc,kg,kg,0,kg,1,0,kg,0,kg,1,0,kg,0,kg,1,0
587,type_d2k,doc,kg,doc,1,kg,1,1,kg,0,kg,1,0,kg,0,kg,1,0
588,type_d2k,doc,kg,kg,0,kg,1,0,kg,0,kg,1,0,kg,0,kg,1,0
589,type_d2k,doc,kg,doc,1,kg,1,1,kg,0,kg,1,0,kg,0,kg,1,0
590,type_d2k,doc,kg,doc,1,kg,1,1,kg,0,kg,1,0,kg,0,kg,1,0
591,type_d2k,doc,kg,doc,1,kg,1,1,kg,0,kg,1,0,doc,1,kg,1,1
592,type_d2k,doc,kg,kg,0,kg,1,0,kg,0,kg,1,0,kg,0,kg,1,0
593,type_d2k,doc,kg,doc,1,kg,1,1,kg,0,kg,1,0,kg,0,kg,1,0
594,type_d2k,doc,kg,kg,0,kg,1,0,kg,0,kg,1,0,kg,0,kg,1,0
595,type_d2k,doc,kg,doc,1,kg,1,1,kg,0,kg,1,0,kg,0,kg,1,0
596,type_d2k,doc,kg,kg,0,kg,1,0,kg,0,kg,1,0,kg,0,kg,1,0
597,type_d2k,doc,kg,doc,1,kg,1,1,kg,0,kg,1,0,kg,0,kg,1,0
598,type_d2k,doc,kg,doc,1,doc,0,0,kg,0,kg,1,0,kg,0,kg,1,0
599,type_d2k,doc,kg,doc,1,doc,0,0,kg,0,kg,1,0,kg,0,kg,1,0
600,type_d2k,doc,kg,kg,0,kg,1,0,kg,0,kg,1,0,kg,0,kg,1,0
601,type_d2k,doc,kg,doc,1,kg,1,1,kg,0,kg,1,0,kg,0,kg,1,0
602,type_d2k,doc,kg,kg,0,kg,1,0,kg,0,kg,1,0,kg,0,kg,1,0
603,type_d2k,doc,kg,doc,1,kg,1,1,kg,0,kg,1,0,kg,0,kg,1,0
604,type_d2k,doc,kg,kg,0,kg,1,0,kg,0,kg,1,0,kg,0,kg,1,0
605,type_d2k,doc,kg,kg,0,kg,1,0,kg,0,kg,1,0,kg,0,kg,1,0
606,type_d2k,doc,kg,kg,0,kg,1,0,kg,0,doc,0,0,kg,0,kg,1,0
607,type_d2k,doc,kg,kg,0,kg,1,0,kg,0,doc,0,0,kg,0,doc,0,0
608,type_d2k,doc,kg,doc,1,kg,1,1,kg,0,kg,1,0,kg,0,kg,1,0
609,type_d2k,doc,kg,kg,0,kg,1,0,kg,0,kg,1,0,kg,0,kg,1,0
610,type_d2k,doc,kg,kg,0,kg,1,0,kg,0,kg,1,0,kg,0,kg,1,0
611,type_d2k,doc,kg,doc,1,kg,1,1,doc,1,kg,1,1,doc,1,kg,1,1
612,type_d2k,doc,kg,kg,0,kg,1,0,kg,0,doc,0,0,kg,0,kg,1,0
613,type_d2k,doc,kg,kg,0,kg,1,0,kg,0,kg,1,0,kg,0,kg,1,0
614,type_d2k,doc,kg,kg,0,kg,1,0,kg,0,kg,1,0,kg,0,kg,1,0
615,type_d2k,doc,kg,kg,0,kg,1,0,kg,0,kg,1,0,kg,0,kg,1,0
616,type_d2k,doc,kg,kg,0,kg,1,0,kg,0,kg,1,0,kg,0,kg,1,0
617,type_d2k,doc,kg,kg,0,kg,1,0,kg,0,kg,1,0,kg,0,kg,1,0
618,type_d2k,doc,kg,kg,0,kg,1,0,kg,0,doc,0,0,kg,0,kg,1,0
619,type_d2k,doc,kg,kg,0,kg,1,0,kg,0,kg,1,0,kg,0,kg,1,0
620,type_d2k,doc,kg,kg,0,kg,1,0,kg,0,doc,0,0,kg,0,doc,0,0
621,type_d2k,doc,kg,doc,1,kg,1,1,kg,0,kg,1,0,kg,0,kg,1,0
622,type_d2k,doc,kg,doc,1,kg,1,1,doc,1,kg,1,1,kg,0,kg,1,0
623,type_d2k,doc,kg,kg,0,kg,1,0,kg,0,doc,0,0,kg,0,kg,1,0
624,type_d2k,doc,kg,doc,1,kg,1,1,kg,0,doc,0,0,kg,0,kg,1,0
625,type_d2k,doc,kg,table,0,kg,1,0,kg,0,kg,1,0,kg,0,kg,1,0
626,type_d2k,doc,kg,table,0,kg,1,0,table,0,doc,0,0,table,0,doc,0,0
627,type_d2k,doc,kg,doc,1,kg,1,1,doc,1,kg,1,1,doc,1,kg,1,1
628,type_d2k,doc,kg,kg,0,kg,1,0,kg,0,kg,1,0,kg,0,kg,1,0
629,type_d2k,doc,kg,kg,0,kg,1,0,kg,0,kg,1,0,kg,0,kg,1,0
630,type_d2k,doc,kg,table,0,kg,1,0,table,0,kg,1,0,kg,0,kg,1,0
631,type_d2k,doc,kg,kg,0,kg,1,0,kg,0,doc,0,0,kg,0,kg,1,0
632,type_d2k,doc,kg,kg,0,kg,1,0,kg,0,doc,0,0,kg,0,kg,1,0
633,type_d2k,doc,kg,kg,0,kg,1,0,kg,0,kg,1,0,kg,0,kg,1,0
634,type_d2k,doc,kg,doc,1,kg,1,1,kg,0,kg,1,0,kg,0,kg,1,0
635,type_d2k,doc,kg,kg,0,kg,1,0,kg,0,kg,1,0,kg,0,kg,1,0
636,type_d2k,doc,kg,kg,0,kg,1,0,kg,0,kg,1,0,kg,0,kg,1,0
637,type_d2k,doc,kg,kg,0,kg,1,0,kg,0,kg,1,0,kg,0,kg,1,0
638,type_d2k,doc,kg,doc,1,kg,1,1,kg,0,doc,0,0,kg,0,doc,0,0
639,type_d2k,doc,kg,doc,1,kg,1,1,kg,0,kg,1,0,kg,0,kg,1,0
640,type_d2k,doc,kg,kg,0,kg,1,0,kg,0,kg,1,0,kg,0,kg,1,0
641,type_d2k,doc,kg,doc,1,kg,1,1,doc,1,doc,0,0,kg,0,doc,0,0
642,type_d2k,doc,kg,kg,0,kg,1,0,kg,0,kg,1,0,kg,0,kg,1,0
643,type_d2k,doc,kg,kg,0,kg,1,0,kg,0,kg,1,0,kg,0,kg,1,0
644,type_d2k,doc,kg,kg,0,kg,1,0,kg,0,kg,1,0,kg,0,kg,1,0
645,type_d2k,doc,kg,doc,1,kg,1,1,doc,1,doc,0,0,kg,0,kg,1,0
646,type_d2k,doc,kg,doc,1,kg,1,1,kg,0,kg,1,0,kg,0,kg,1,0
647,type_d2k,doc,kg,kg,0,kg,1,0,kg,0,kg,1,0,kg,0,kg,1,0
648,type_d2k,doc,kg,doc,1,kg,1,1,kg,0,doc,0,0,kg,0,kg,1,0
649,type_d2k,doc,kg,doc,1,kg,1,1,doc,1,kg,1,1,kg,0,kg,1,0
650,type_d2k,doc,kg,doc,1,kg,1,1,kg,0,kg,1,0,doc,1,kg,1,1
651,type_d2k,doc,kg,doc,1,kg,1,1,kg,0,doc,0,0,kg,0,kg,1,0
652,type_d2k,doc,kg,doc,1,kg,1,1,kg,0,kg,1,0,doc,1,kg,1,1
653,type_d2k,doc,kg,kg,0,kg,1,0,kg,0,kg,1,0,kg,0,kg,1,0
654,type_d2k,doc,kg,doc,1,kg,1,1,kg,0,kg,1,0,kg,0,kg,1,0
655,type_d2k,doc,kg,kg,0,kg,1,0,kg,0,kg,1,0,kg,0,doc,0,0
656,type_d2k,doc,kg,doc,1,kg,1,1,kg,0,kg,1,0,kg,0,kg,1,0
657,type_d2k,doc,kg,kg,0,kg,1,0,kg,0,kg,1,0,kg,0,kg,1,0
658,type_d2k,doc,kg,doc,1,kg,1,1,kg,0,kg,1,0,kg,0,kg,1,0
659,type_d2k,doc,kg,kg,0,kg,1,0,kg,0,kg,1,0,kg,0,kg,1,0
660,type_d2k,doc,kg,kg,0,kg,1,0,kg,0,kg,1,0,kg,0,kg,1,0
661,type_d2k,doc,kg,kg,0,kg,1,0,kg,0,kg,1,0,kg,0,kg,1,0
662,type_d2k,doc,kg,kg,0,kg,1,0,kg,0,kg,1,0,kg,0,doc,0,0
663,type_d2k,doc,kg,kg,0,kg,1,0,kg,0,kg,1,0,kg,0,kg,1,0
664,type_d2k,doc,kg,kg,0,kg,1,0,kg,0,kg,1,0,doc,1,kg,1,1
665,type_d2k,doc,kg,kg,0,kg,1,0,kg,0,kg,1,0,kg,0,kg,1,0
666,type_d2k,doc,kg,doc,1,kg,1,1,kg,0,kg,1,0,kg,0,kg,1,0
667,type_d2k,doc,kg,kg,0,kg,1,0,kg,0,kg,1,0,kg,0,kg,1,0
668,type_d2k,doc,kg,doc,1,kg,1,1,kg,0,kg,1,0,kg,0,kg,1,0
669,type_d2k,doc,kg,doc,1,kg,1,1,kg,0,kg,1,0,kg,0,kg,1,0
670,type_d2k,doc,kg,doc,1,kg,1,1,table,0,kg,1,0,kg,0,kg,1,0
671,type_d2k,doc,kg,kg,0,kg,1,0,kg,0,kg,1,0,kg,0,kg,1,0
672,type_d2k,doc,kg,kg,0,kg,1,0,kg,0,kg,1,0,kg,0,kg,1,0
673,type_d2k,doc,kg,kg,0,kg,1,0,kg,0,kg,1,0,kg,0,kg,1,0
674,type_d2k,doc,kg,kg,0,kg,1,0,kg,0,kg,1,0,kg,0,kg,1,0
675,type_d2k,doc,kg,kg,0,kg,1,0,kg,0,kg,1,0,kg,0,kg,1,0
676,type_d2k,doc,kg,kg,0,kg,1,0,kg,0,kg,1,0,kg,0,kg,1,0
677,type_d2k,doc,kg,doc,1,kg,1,1,doc,1,kg,1,1,kg,0,kg,1,0
678,type_d2k,doc,kg,kg,0,kg,1,0,kg,0,kg,1,0,kg,0,kg,1,0
679,type_d2k,doc,kg,kg,0,kg,1,0,kg,0,kg,1,0,kg,0,kg,1,0
680,type_d2k,doc,kg,table,0,kg,1,0,kg,0,kg,1,0,table,0,kg,1,0
681,type_d2k,doc,kg,table,0,kg,1,0,kg,0,kg,1,0,kg,0,kg,1,0
682,type_d2k,doc,kg,kg,0,kg,1,0,kg,0,kg,1,0,kg,0,kg,1,0
683,type_d2k,doc,kg,kg,0,kg,1,0,kg,0,kg,1,0,kg,0,kg,1,0
684,type_d2k,doc,kg,doc,1,kg,1,1,table,0,kg,1,0,kg,0,kg,1,0
685,type_d2k,doc,kg,doc,1,kg,1,1,kg,0,kg,1,0,kg,0,kg,1,0
686,type_d2k,doc,kg,kg,0,kg,1,0,kg,0,kg,1,0,kg,0,kg,1,0
687,type_d2k,doc,kg,kg,0,kg,1,0,kg,0,kg,1,0,kg,0,kg,1,0
688,type_d2k,doc,kg,kg,0,kg,1,0,kg,0,kg,1,0,kg,0,kg,1,0
689,type_d2k,doc,kg,kg,0,kg,1,0,kg,0,kg,1,0,kg,0,kg,1,0
690,type_d2k,doc,kg,doc,1,kg,1,1,table,0,kg,1,0,kg,0,kg,1,0
691,type_d2k,doc,kg,kg,0,kg,1,0,kg,0,kg,1,0,kg,0,kg,1,0
692,type_d2k,doc,kg,kg,0,kg,1,0,kg,0,kg,1,0,kg,0,kg,1,0
693,type_d2k,doc,kg,doc,1,kg,1,1,kg,0,kg,1,0,kg,0,kg,1,0
694,type_d2k,doc,kg,table,0,kg,1,0,kg,0,kg,1,0,kg,0,kg,1,0
695,type_d2k,doc,kg,kg,0,kg,1,0,kg,0,kg,1,0,kg,0,kg,1,0
696,type_d2k,doc,kg,doc,1,kg,1,1,kg,0,kg,1,0,kg,0,kg,1,0
697,type_d2k,doc,kg,kg,0,kg,1,0,kg,0,kg,1,0,kg,0,doc,0,0
698,type_d2k,doc,kg,doc,1,kg,1,1,kg,0,kg,1,0,kg,0,kg,1,0
699,type_d2k,doc,kg,kg,0,kg,1,0,kg,0,kg,1,0,kg,0,kg,1,0
700,type_d2k,doc,kg,doc,1,kg,1,1,doc,1,kg,1,1,kg,0,kg,1,0
701,type_d2k,doc,kg,kg,0,kg,1,0,kg,0,kg,1,0,kg,0,kg,1,0
702,type_d2k,doc,kg,doc,1,kg,1,1,table,0,kg,1,0,doc,1,kg,1,1
703,type_d2k,doc,kg,kg,0,kg,1,0,kg,0,kg,1,0,kg,0,kg,1,0
704,type_d2k,doc,kg,doc,1,kg,1,1,doc,1,kg,1,1,kg,0,kg,1,0
705,type_d2k,doc,kg,kg,0,kg,1,0,kg,0,kg,1,0,kg,0,doc,0,0
706,type_d2k,doc,kg,doc,1,kg,1,1,table,0,kg,1,0,kg,0,kg,1,0
707,type_d2k,doc,kg,doc,1,kg,1,1,kg,0,kg,1,0,kg,0,kg,1,0
708,type_d2k,doc,kg,doc,1,kg,1,1,kg,0,kg,1,0,kg,0,kg,1,0
709,type_d2k,doc,kg,doc,1,kg,1,1,kg,0,kg,1,0,kg,0,kg,1,0
710,type_d2k,doc,kg,doc,1,kg,1,1,kg,0,kg,1,0,kg,0,kg,1,0
711,type_d2k,doc,kg,kg,0,kg,1,0,kg,0,kg,1,0,kg,0,kg,1,0
712,type_d2k,doc,kg,kg,0,kg,1,0,kg,0,kg,1,0,kg,0,kg,1,0
713,type_d2k,doc,kg,kg,0,kg,1,0,kg,0,kg,1,0,kg,0,kg,1,0
714,type_d2k,doc,kg,doc,1,kg,1,1,kg,0,kg,1,0,kg,0,kg,1,0
715,type_d2k,doc,kg,doc,1,kg,1,1,kg,0,kg,1,0,kg,0,kg,1,0
716,type_d2k,doc,kg,doc,1,kg,1,1,kg,0,kg,1,0,kg,0,kg,1,0
717,type_d2k,doc,kg,kg,0,kg,1,0,kg,0,kg,1,0,kg,0,kg,1,0
718,type_d2k,doc,kg,kg,0,kg,1,0,kg,0,kg,1,0,kg,0,kg,1,0
719,type_d2k,doc,kg,doc,1,kg,1,1,kg,0,kg,1,0,kg,0,kg,1,0
720,type_d2k,doc,kg,doc,1,kg,1,1,kg,0,kg,1,0,kg,0,kg,1,0
721,type_d2k,doc,kg,kg,0,kg,1,0,kg,0,kg,1,0,kg,0,kg,1,0
722,type_d2k,doc,kg,doc,1,kg,1,1,kg,0,kg,1,0,kg,0,kg,1,0
723,type_d2k,doc,kg,doc,1,kg,1,1,kg,0,kg,1,0,kg,0,kg,1,0
724,type_d2k,doc,kg,doc,1,kg,1,1,kg,0,kg,1,0,kg,0,kg,1,0
725,type_d2k,doc,kg,doc,1,kg,1,1,kg,0,kg,1,0,kg,0,kg,1,0
726,type_d2k,doc,kg,table,0,kg,1,0,kg,0,kg,1,0,kg,0,kg,1,0
727,type_d2k,doc,kg,kg,0,kg,1,0,kg,0,kg,1,0,kg,0,kg,1,0
728,type_d2k,doc,kg,kg,0,kg,1,0,kg,0,kg,1,0,kg,0,kg,1,0
729,type_d2k,doc,kg,doc,1,kg,1,1,doc,1,kg,1,1,kg,0,kg,1,0
730,type_d2k,doc,kg,doc,1,kg,1,1,kg,0,kg,1,0,doc,1,kg,1,1
731,type_d2k,doc,kg,doc,1,kg,1,1,kg,0,kg,1,0,kg,0,kg,1,0
732,type_d2k,doc,kg,kg,0,kg,1,0,kg,0,kg,1,0,kg,0,kg,1,0
733,type_d2k,doc,kg,doc,1,kg,1,1,kg,0,kg,1,0,kg,0,kg,1,0
734,type_d2k,doc,kg,kg,0,kg,1,0,kg,0,kg,1,0,kg,0,kg,1,0
735,type_d2k,doc,kg,kg,0,kg,1,0,kg,0,kg,1,0,kg,0,kg,1,0
736,type_d2k,doc,kg,doc,1,kg,1,1,kg,0,kg,1,0,kg,0,kg,1,0
737,type_d2k,doc,kg,kg,0,kg,1,0,kg,0,kg,1,0,kg,0,kg,1,0
738,type_d2k,doc,kg,kg,0,kg,1,0,kg,0,kg,1,0,kg,0,kg,1,0
739,type_d2k,doc,kg,doc,1,kg,1,1,doc,1,kg,1,1,kg,0,kg,1,0
740,type_d2k,doc,kg,kg,0,kg,1,0,kg,0,kg,1,0,kg,0,kg,1,0
741,type_d2k,doc,kg,kg,0,kg,1,0,kg,0,kg,1,0,kg,0,kg,1,0
742,type_d2k,doc,kg,doc,1,kg,1,1,kg,0,kg,1,0,kg,0,kg,1,0
743,type_d2k,doc,kg,kg,0,kg,1,0,kg,0,kg,1,0,kg,0,kg,1,0
744,type_d2k,doc,kg,kg,0,kg,1,0,kg,0,kg,1,0,kg,0,kg,1,0
745,type_d2k,doc,kg,doc,1,kg,1,1,kg,0,kg,1,0,kg,0,kg,1,0
746,type_d2k,doc,kg,kg,0,kg,1,0,kg,0,kg,1,0,kg,0,kg,1,0
747,type_d2k,doc,kg,kg,0,kg,1,0,kg,0,kg,1,0,kg,0,kg,1,0
748,type_d2k,doc,kg,doc,1,kg,1,1,kg,0,kg,1,0,kg,0,kg,1,0
749,type_d2k,doc,kg,kg,0,kg,1,0,kg,0,kg,1,0,doc,1,kg,1,1
750,type_d2k,doc,kg,kg,0,kg,1,0,kg,0,kg,1,0,kg,0,kg,1,0
751,type_d2k,doc,kg,doc,1,kg,1,1,kg,0,kg,1,0,kg,0,kg,1,0
752,type_d2k,doc,kg,doc,1,kg,1,1,kg,0,kg,1,0,kg,0,kg,1,0
753,type_d2k,doc,kg,doc,1,kg,1,1,kg,0,kg,1,0,kg,0,kg,1,0
754,type_d2k,doc,kg,doc,1,kg,1,1,kg,0,kg,1,0,kg,0,kg,1,0
755,type_d2k,doc,kg,kg,0,kg,1,0,kg,0,kg,1,0,kg,0,kg,1,0
756,type_d2k,doc,kg,doc,1,kg,1,1,kg,0,kg,1,0,kg,0,kg,1,0
757,type_d2k,doc,kg,kg,0,kg,1,0,kg,0,kg,1,0,kg,0,kg,1,0
758,type_d2k,doc,kg,kg,0,kg,1,0,kg,0,kg,1,0,kg,0,kg,1,0
759,type_d2k,doc,kg,kg,0,kg,1,0,kg,0,kg,1,0,doc,1,kg,1,1
760,type_d2k,doc,kg,doc,1,kg,1,1,kg,0,kg,1,0,kg,0,kg,1,0
761,type_d2k,doc,kg,doc,1,kg,1,1,kg,0,kg,1,0,kg,0,kg,1,0
762,type_d2k,doc,kg,kg,0,kg,1,0,kg,0,kg,1,0,kg,0,kg,1,0
763,type_d2k,doc,kg,doc,1,kg,1,1,doc,1,kg,1,1,kg,0,kg,1,0
764,type_d2k,doc,kg,doc,1,kg,1,1,kg,0,kg,1,0,kg,0,kg,1,0
765,type_d2k,doc,kg,kg,0,kg,1,0,kg,0,kg,1,0,kg,0,kg,1,0
766,type_d2k,doc,kg,doc,1,kg,1,1,kg,0,kg,1,0,kg,0,kg,1,0
767,type_d2k,doc,kg,kg,0,kg,1,0,kg,0,kg,1,0,kg,0,kg,1,0
768,type_d2k,doc,kg,kg,0,kg,1,0,kg,0,kg,1,0,kg,0,kg,1,0
769,type_d2k,doc,kg,doc,1,kg,1,1,kg,0,kg,1,0,kg,0,kg,1,0
770,type_d2k,doc,kg,kg,0,kg,1,0,kg,0,kg,1,0,kg,0,kg,1,0
771,type_d2k,doc,kg,doc,1,kg,1,1,kg,0,kg,1,0,kg,0,kg,1,0
772,type_d2k,doc,kg,doc,1,kg,1,1,doc,1,kg,1,1,kg,0,kg,1,0
773,type_d2k,doc,kg,doc,1,kg,1,1,doc,1,kg,1,1,kg,0,kg,1,0
774,type_d2k,doc,kg,doc,1,kg,1,1,doc,1,kg,1,1,kg,0,kg,1,0
775,type_d2k,doc,kg,kg,0,kg,1,0,kg,0,kg,1,0,kg,0,kg,1,0
776,type_d2k,doc,kg,doc,1,kg,1,1,kg,0,kg,1,0,kg,0,kg,1,0
777,type_d2k,doc,kg,doc,1,kg,1,1,kg,0,kg,1,0,kg,0,kg,1,0
778,type_d2k,doc,kg,doc,1,kg,1,1,kg,0,kg,1,0,kg,0,kg,1,0
779,type_d2k,doc,kg,kg,0,kg,1,0,kg,0,kg,1,0,kg,0,kg,1,0
780,type_d2k,doc,kg,doc,1,kg,1,1,kg,0,kg,1,0,kg,0,kg,1,0
781,type_d2k,doc,kg,kg,0,kg,1,0,kg,0,kg,1,0,kg,0,kg,1,0
782,type_d2k,doc,kg,kg,0,kg,1,0,kg,0,kg,1,0,kg,0,kg,1,0
783,type_d2k,doc,kg,kg,0,kg,1,0,kg,0,kg,1,0,kg,0,kg,1,0
784,type_d2k,doc,kg,doc,1,kg,1,1,doc,1,kg,1,1,kg,0,kg,1,0
785,type_d2k,doc,kg,kg,0,kg,1,0,kg,0,kg,1,0,doc,1,kg,1,1
786,type_d2k,doc,kg,doc,1,kg,1,1,kg,0,kg,1,0,kg,0,kg,1,0
787,type_d2k,doc,kg,kg,0,kg,1,0,kg,0,kg,1,0,kg,0,kg,1,0
788,type_d2k,doc,kg,table,0,kg,1,0,table,0,kg,1,0,kg,0,kg,1,0
789,type_d2k,doc,kg,doc,1,kg,1,1,kg,0,kg,1,0,kg,0,kg,1,0
790,type_d2k,doc,kg,doc,1,kg,1,1,kg,0,kg,1,0,kg,0,kg,1,0
791,type_d2k,doc,kg,kg,0,kg,1,0,kg,0,kg,1,0,kg,0,doc,0,0
792,type_d2k,doc,kg,kg,0,kg,1,0,kg,0,kg,1,0,kg,0,kg,1,0
793,type_d2k,doc,kg,doc,1,kg,1,1,kg,0,kg,1,0,kg,0,kg,1,0
794,type_d2k,doc,kg,doc,1,kg,1,1,kg,0,kg,1,0,kg,0,kg,1,0
795,type_d2k,doc,kg,doc,1,kg,1,1,kg,0,kg,1,0,kg,0,kg,1,0
796,type_d2k,doc,kg,kg,0,kg,1,0,kg,0,kg,1,0,kg,0,kg,1,0
797,type_d2k,doc,kg,kg,0,kg,1,0,kg,0,kg,1,0,kg,0,kg,1,0
798,type_d2k,doc,kg,doc,1,kg,1,1,kg,0,kg,1,0,kg,0,kg,1,0
799,type_d2k,doc,kg,kg,0,kg,1,0,kg,0,kg,1,0,kg,0,kg,1,0
800,type_d2k,doc,kg,kg,0,kg,1,0,kg,0,kg,1,0,kg,0,kg,1,0
801,type_d2k,doc,kg,doc,1,kg,1,1,kg,0,kg,1,0,kg,0,kg,1,0
802,type_d2k,doc,kg,doc,1,kg,1,1,kg,0,kg,1,0,kg,0,kg,1,0
803,type_d2k,doc,kg,doc,1,kg,1,1,kg,0,kg,1,0,kg,0,kg,1,0
804,type_d2k,doc,kg,kg,0,kg,1,0,kg,0,kg,1,0,kg,0,kg,1,0
805,type_d2k,doc,kg,doc,1,kg,1,1,kg,0,kg,1,0,kg,0,kg,1,0
806,type_d2k,doc,kg,doc,1,kg,1,1,kg,0,kg,1,0,kg,0,kg,1,0
807,type_d2k,doc,kg,doc,1,kg,1,1,kg,0,kg,1,0,kg,0,kg,1,0
808,type_d2k,doc,kg,kg,0,kg,1,0,kg,0,kg,1,0,kg,0,kg,1,0
809,type_d2k,doc,kg,doc,1,kg,1,1,kg,0,kg,1,0,kg,0,kg,1,0
810,type_d2k,doc,kg,doc,1,kg,1,1,kg,0,kg,1,0,kg,0,kg,1,0
811,type_d2k,doc,kg,kg,0,kg,1,0,doc,1,kg,1,1,kg,0,kg,1,0
812,type_d2k,doc,kg,kg,0,kg,1,0,kg,0,kg,1,0,doc,1,kg,1,1
813,type_d2k,doc,kg,doc,1,kg,1,1,doc,1,kg,1,1,kg,0,kg,1,0
814,type_d2k,doc,kg,kg,0,kg,1,0,kg,0,kg,1,0,kg,0,kg,1,0
815,type_d2k,doc,kg,doc,1,kg,1,1,kg,0,kg,1,0,kg,0,kg,1,0
816,type_d2k,doc,kg,kg,0,kg,1,0,kg,0,kg,1,0,kg,0,kg,1,0
817,type_d2k,doc,kg,doc,1,kg,1,1,kg,0,kg,1,0,kg,0,kg,1,0
818,type_d2k,doc,kg,kg,0,kg,1,0,kg,0,kg,1,0,kg,0,kg,1,0
819,type_d2k,doc,kg,doc,1,kg,1,1,table,0,kg,1,0,kg,0,kg,1,0
820,type_d2k,doc,kg,kg,0,kg,1,0,kg,0,kg,1,0,doc,1,kg,1,1
821,type_d2k,doc,kg,kg,0,kg,1,0,kg,0,kg,1,0,kg,0,kg,1,0
822,type_d2k,doc,kg,doc,1,kg,1,1,kg,0,kg,1,0,kg,0,kg,1,0
823,type_d2k,doc,kg,doc,1,kg,1,1,doc,1,kg,1,1,doc,1,kg,1,1
824,type_d2k,doc,kg,kg,0,kg,1,0,kg,0,kg,1,0,kg,0,kg,1,0
825,type_d2k,doc,kg,doc,1,kg,1,1,doc,1,kg,1,1,kg,0,kg,1,0
826,type_d2k,doc,kg,doc,1,kg,1,1,kg,0,kg,1,0,kg,0,kg,1,0
827,type_d2k,doc,kg,kg,0,kg,1,0,kg,0,kg,1,0,kg,0,kg,1,0
828,type_d2k,doc,kg,kg,0,kg,1,0,kg,0,kg,1,0,kg,0,kg,1,0
829,type_d2k,doc,kg,kg,0,kg,1,0,kg,0,kg,1,0,kg,0,kg,1,0
830,type_d2k,doc,kg,doc,1,kg,1,1,kg,0,kg,1,0,kg,0,kg,1,0
831,type_d2k,doc,kg,kg,0,kg,1,0,kg,0,kg,1,0,kg,0,kg,1,0
832,type_d2k,doc,kg,doc,1,kg,1,1,kg,0,kg,1,0,kg,0,kg,1,0
833,type_d2k,doc,kg,doc,1,kg,1,1,doc,1,kg,1,1,kg,0,kg,1,0
834,type_d2k,doc,kg,kg,0,kg,1,0,kg,0,kg,1,0,kg,0,kg,1,0
835,type_d2k,doc,kg,doc,1,kg,1,1,kg,0,kg,1,0,kg,0,kg,1,0
836,type_d2k,doc,kg,doc,1,kg,1,1,kg,0,kg,1,0,kg,0,kg,1,0
837,type_d2k,doc,kg,doc,1,kg,1,1,kg,0,kg,1,0,kg,0,kg,1,0
838,type_d2k,doc,kg,kg,0,kg,1,0,kg,0,kg,1,0,kg,0,kg,1,0
839,type_d2k,doc,kg,doc,1,kg,1,1,doc,1,kg,1,1,doc,1,kg,1,1
840,type_d2k,doc,kg,doc,1,kg,1,1,kg,0,kg,1,0,kg,0,kg,1,0
841,type_d2k,doc,kg,kg,0,kg,1,0,kg,0,kg,1,0,kg,0,kg,1,0
842,type_d2k,doc,kg,kg,0,kg,1,0,kg,0,kg,1,0,kg,0,kg,1,0
843,type_d2k,doc,kg,kg,0,kg,1,0,kg,0,doc,0,0,kg,0,kg,1,0
844,type_d2k,doc,kg,doc,1,kg,1,1,kg,0,doc,0,0,kg,0,kg,1,0
845,type_d2k,doc,kg,kg,0,kg,1,0,kg,0,kg,1,0,kg,0,kg,1,0
846,type_d2k,doc,kg,doc,1,kg,1,1,doc,1,kg,1,1,doc,1,kg,1,1
847,type_d2k,doc,kg,kg,0,kg,1,0,kg,0,doc,0,0,kg,0,kg,1,0
848,type_d2k,doc,kg,kg,0,kg,1,0,kg,0,kg,1,0,kg,0,kg,1,0
849,type_d2k,doc,kg,doc,1,kg,1,1,kg,0,kg,1,0,kg,0,kg,1,0
850,type_d2k,doc,kg,doc,1,kg,1,1,kg,0,kg,1,0,doc,1,kg,1,1
851,type_d2k,doc,kg,kg,0,kg,1,0,kg,0,kg,1,0,kg,0,kg,1,0
852,type_d2k,doc,kg,kg,0,kg,1,0,kg,0,kg,1,0,kg,0,kg,1,0
853,type_d2k,doc,kg,kg,0,kg,1,0,kg,0,kg,1,0,kg,0,kg,1,0
854,type_d2k,doc,kg,doc,1,kg,1,1,doc,1,doc,0,0,doc,1,kg,1,1
855,type_d2k,doc,kg,doc,1,kg,1,1,doc,1,kg,1,1,doc,1,kg,1,1
856,type_d2k,doc,kg,doc,1,kg,1,1,kg,0,kg,1,0,kg,0,kg,1,0
857,type_d2k,doc,kg,doc,1,kg,1,1,kg,0,kg,1,0,kg,0,kg,1,0
858,type_d2k,doc,kg,kg,0,kg,1,0,kg,0,kg,1,0,kg,0,kg,1,0
859,type_d2k,doc,kg,kg,0,kg,1,0,kg,0,kg,1,0,kg,0,kg,1,0
860,type_d2k,doc,kg,kg,0,kg,1,0,kg,0,kg,1,0,kg,0,kg,1,0
861,type_d2k,doc,kg,doc,1,kg,1,1,kg,0,doc,0,0,kg,0,kg,1,0
862,type_d2k,doc,kg,doc,1,kg,1,1,kg,0,kg,1,0,kg,0,kg,1,0
863,type_d2k,doc,kg,doc,1,kg,1,1,kg,0,doc,0,0,kg,0,kg,1,0
864,type_d2k,doc,kg,doc,1,kg,1,1,kg,0,doc,0,0,kg,0,kg,1,0
865,type_d2k,doc,kg,kg,0,kg,1,0,kg,0,kg,1,0,kg,0,kg,1,0
866,type_d2k,doc,kg,kg,0,kg,1,0,kg,0,kg,1,0,kg,0,kg,1,0
867,type_d2k,doc,kg,kg,0,kg,1,0,kg,0,kg,1,0,kg,0,kg,1,0
868,type_d2k,doc,kg,kg,0,kg,1,0,kg,0,kg,1,0,kg,0,kg,1,0
869,type_d2k,doc,kg,kg,0,kg,1,0,kg,0,kg,1,0,doc,1,kg,1,1
870,type_d2k,doc,kg,kg,0,kg,1,0,kg,0,kg,1,0,doc,1,kg,1,1
871,type_d2k,doc,kg,kg,0,kg,1,0,kg,0,doc,0,0,kg,0,kg,1,0
872,type_d2k,doc,kg,kg,0,kg,1,0,kg,0,kg,1,0,kg,0,kg,1,0
873,type_d2k,doc,kg,doc,1,kg,1,1,kg,0,kg,1,0,kg,0,kg,1,0
874,type_d2k,doc,kg,kg,0,kg,1,0,kg,0,doc,0,0,doc,1,kg,1,1
875,type_d2k,doc,kg,kg,0,kg,1,0,kg,0,kg,1,0,doc,1,kg,1,1
876,type_d2k,doc,kg,kg,0,kg,1,0,kg,0,kg,1,0,kg,0,kg,1,0
877,type_d2k,doc,kg,kg,0,kg,1,0,kg,0,kg,1,0,kg,0,kg,1,0
878,type_d2k,doc,kg,kg,0,kg,1,0,kg,0,kg,1,0,kg,0,kg,1,0
879,type_d2k,doc,kg,kg,0,kg,1,0,kg,0,kg,1,0,kg,0,kg,1,0
880,type_d2k,doc,kg,kg,0,kg,1,0,kg,0,kg,1,0,kg,0,kg,1,0
881,type_d2k,doc,kg,kg,0,kg,1,0,kg,0,kg,1,0,kg,0,kg,1,0
882,type_d2k,doc,kg,doc,1,kg,1,1,kg,0,kg,1,0,kg,0,kg,1,0
883,type_d2k,doc,kg,doc,1,kg,1,1,kg,0,kg,1,0,kg,0,kg,1,0
884,type_d2k,doc,kg,kg,0,kg,1,0,kg,0,kg,1,0,kg,0,kg,1,0
885,type_d2k,doc,kg,kg,0,kg,1,0,kg,0,doc,0,0,kg,0,kg,1,0
886,type_d2k,doc,kg,doc,1,kg,1,1,doc,1,kg,1,1,kg,0,kg,1,0
887,type_d2k,doc,kg,doc,1,kg,1,1,kg,0,kg,1,0,kg,0,kg,1,0
888,type_d2k,doc,kg,kg,0,kg,1,0,kg,0,kg,1,0,kg,0,kg,1,0
889,type_d2k,doc,kg,doc,1,kg,1,1,kg,0,kg,1,0,kg,0,kg,1,0
890,type_d2k,doc,kg,doc,1,kg,1,1,kg,0,kg,1,0,kg,0,kg,1,0
891,type_d2k,doc,kg,kg,0,kg,1,0,kg,0,kg,1,0,doc,1,kg,1,1
892,type_d2k,doc,kg,kg,0,kg,1,0,kg,0,kg,1,0,doc,1,kg,1,1
893,type_d2k,doc,kg,doc,1,kg,1,1,kg,0,doc,0,0,kg,0,kg,1,0
894,type_d2k,doc,kg,doc,1,kg,1,1,kg,0,kg,1,0,kg,0,kg,1,0
895,type_d2k,doc,kg,doc,1,kg,1,1,kg,0,kg,1,0,kg,0,kg,1,0
896,type_d2k,doc,kg,kg,0,kg,1,0,kg,0,kg,1,0,kg,0,kg,1,0
897,type_d2k,doc,kg,doc,1,kg,1,1,kg,0,kg,1,0,kg,0,kg,1,0
898,type_d2k,doc,kg,doc,1,kg,1,1,kg,0,kg,1,0,doc,1,kg,1,1
899,type_d2k,doc,kg,kg,0,kg,1,0,kg,0,kg,1,0,kg,0,kg,1,0
900,type_d2k,doc,kg,kg,0,kg,1,0,kg,0,kg,1,0,kg,0,doc,0,0
901,type_d2k,doc,kg,doc,1,kg,1,1,kg,0,kg,1,0,kg,0,kg,1,0
902,type_d2k,doc,kg,doc,1,kg,1,1,kg,0,kg,1,0,kg,0,kg,1,0
903,type_d2k,doc,kg,doc,1,kg,1,1,kg,0,kg,1,0,kg,0,kg,1,0
904,type_d2k,doc,kg,doc,1,kg,1,1,kg,0,kg,1,0,kg,0,kg,1,0
905,type_d2k,doc,kg,kg,0,kg,1,0,kg,0,kg,1,0,kg,0,kg,1,0
906,type_d2k,doc,kg,doc,1,kg,1,1,doc,1,kg,1,1,doc,1,kg,1,1
907,type_d2k,doc,kg,doc,1,kg,1,1,kg,0,kg,1,0,kg,0,kg,1,0
908,type_d2k,doc,kg,doc,1,kg,1,1,kg,0,kg,1,0,kg,0,kg,1,0
909,type_d2k,doc,kg,kg,0,kg,1,0,kg,0,kg,1,0,doc,1,kg,1,1
910,type_d2k,doc,kg,kg,0,kg,1,0,kg,0,kg,1,0,doc,1,kg,1,1
911,type_d2k,doc,kg,doc,1,kg,1,1,kg,0,kg,1,0,kg,0,kg,1,0
912,type_d2k,doc,kg,doc,1,kg,1,1,doc,1,kg,1,1,kg,0,kg,1,0
913,type_d2k,doc,kg,doc,1,kg,1,1,kg,0,kg,1,0,kg,0,kg,1,0
914,type_d2k,doc,kg,doc,1,kg,1,1,kg,0,kg,1,0,kg,0,kg,1,0
915,type_d2k,doc,kg,doc,1,kg,1,1,doc,1,kg,1,1,doc,1,kg,1,1
916,type_d2k,doc,kg,doc,1,kg,1,1,kg,0,kg,1,0,kg,0,kg,1,0
917,type_d2k,doc,kg,doc,1,kg,1,1,doc,1,kg,1,1,kg,0,kg,1,0
918,type_d2k,doc,kg,doc,1,kg,1,1,kg,0,kg,1,0,kg,0,kg,1,0
919,type_d2k,doc,kg,kg,0,kg,1,0,kg,0,kg,1,0,kg,0,kg,1,0
920,type_d2k,doc,kg,doc,1,kg,1,1,doc,1,kg,1,1,doc,1,kg,1,1
921,type_d2k,doc,kg,doc,1,kg,1,1,kg,0,kg,1,0,kg,0,kg,1,0
922,type_d2k,doc,kg,doc,1,kg,1,1,table,0,kg,1,0,doc,1,kg,1,1
923,type_d2k,doc,kg,doc,1,kg,1,1,kg,0,kg,1,0,kg,0,kg,1,0
924,type_d2k,doc,kg,doc,1,kg,1,1,kg,0,kg,1,0,kg,0,kg,1,0
925,type_d2k,doc,kg,doc,1,kg,1,1,table,0,kg,1,0,kg,0,kg,1,0
926,type_d2k,doc,kg,doc,1,kg,1,1,kg,0,kg,1,0,kg,0,kg,1,0
927,type_d2k,doc,kg,table,0,kg,1,0,table,0,kg,1,0,kg,0,kg,1,0
928,type_d2k,doc,kg,doc,1,kg,1,1,kg,0,kg,1,0,kg,0,kg,1,0
929,type_d2k,doc,kg,doc,1,kg,1,1,kg,0,kg,1,0,doc,1,kg,1,1
930,type_d2k,doc,kg,doc,1,kg,1,1,kg,0,kg,1,0,kg,0,kg,1,0
931,type_d2k,doc,kg,table,0,kg,1,0,table,0,kg,1,0,kg,0,kg,1,0
932,type_d2k,doc,kg,doc,1,kg,1,1,kg,0,kg,1,0,kg,0,kg,1,0
933,type_d2k,doc,kg,doc,1,kg,1,1,kg,0,kg,1,0,doc,1,kg,1,1
934,type_d2k,doc,kg,doc,1,kg,1,1,kg,0,kg,1,0,kg,0,kg,1,0
935,type_d2k,doc,kg,kg,0,kg,1,0,kg,0,kg,1,0,kg,0,kg,1,0
936,type_d2k,doc,kg,kg,0,kg,1,0,table,0,kg,1,0,doc,1,kg,1,1
937,type_d2k,doc,kg,doc,1,kg,1,1,kg,0,kg,1,0,kg,0,kg,1,0
938,type_d2k,doc,kg,table,0,kg,1,0,table,0,kg,1,0,table,0,kg,1,0
939,type_d2k,doc,kg,doc,1,kg,1,1,kg,0,kg,1,0,kg,0,kg,1,0
940,type_d2k,doc,kg,table,0,kg,1,0,kg,0,kg,1,0,kg,0,kg,1,0
941,type_d2k,doc,kg,doc,1,kg,1,1,kg,0,kg,1,0,doc,1,kg,1,1
942,type_d2k,doc,kg,doc,1,kg,1,1,kg,0,kg,1,0,kg,0,kg,1,0
943,type_d2k,doc,kg,table,0,kg,1,0,table,0,kg,1,0,table,0,kg,1,0
944,type_d2k,doc,kg,doc,1,kg,1,1,kg,0,kg,1,0,kg,0,kg,1,0
945,type_d2k,doc,kg,table,0,kg,1,0,doc,1,kg,1,1,kg,0,kg,1,0
946,type_d2k,doc,kg,doc,1,kg,1,1,doc,1,kg,1,1,doc,1,kg,1,1
947,type_d2k,doc,kg,doc,1,kg,1,1,table,0,kg,1,0,kg,0,kg,1,0
948,type_d2k,doc,kg,doc,1,kg,1,1,kg,0,kg,1,0,kg,0,kg,1,0
949,type_d2k,doc,kg,kg,0,kg,1,0,kg,0,kg,1,0,kg,0,kg,1,0
950,type_d2k,doc,kg,doc,1,kg,1,1,kg,0,kg,1,0,doc,1,kg,1,1
951,type_d2k,doc,kg,table,0,kg,1,0,table,0,kg,1,0,kg,0,kg,1,0
952,type_d2k,doc,kg,doc,1,kg,1,1,kg,0,kg,1,0,kg,0,kg,1,0
953,type_d2k,doc,kg,table,0,kg,1,0,table,0,kg,1,0,doc,1,kg,1,1
954,type_d2k,doc,kg,doc,1,kg,1,1,doc,1,kg,1,1,doc,1,kg,1,1
955,type_d2k,doc,kg,doc,1,kg,1,1,kg,0,kg,1,0,doc,1,kg,1,1
956,type_d2k,doc,kg,kg,0,kg,1,0,kg,0,kg,1,0,kg,0,kg,1,0
957,type_d2k,doc,kg,table,0,kg,1,0,doc,1,kg,1,1,doc,1,kg,1,1
958,type_d2k,doc,kg,table,0,kg,1,0,table,0,kg,1,0,kg,0,kg,1,0
959,type_d2k,doc,kg,doc,1,kg,1,1,doc,1,kg,1,1,doc,1,kg,1,1
960,type_d2k,doc,kg,table,0,kg,1,0,kg,0,kg,1,0,kg,0,kg,1,0
961,type_d2k,doc,kg,doc,1,kg,1,1,kg,0,kg,1,0,doc,1,kg,1,1
962,type_d2k,doc,kg,doc,1,kg,1,1,kg,0,kg,1,0,doc,1,kg,1,1
963,type_d2k,doc,kg,doc,1,kg,1,1,doc,1,kg,1,1,kg,0,kg,1,0
964,type_d2k,doc,kg,kg,0,kg,1,0,kg,0,kg,1,0,kg,0,kg,1,0
965,type_d2k,doc,kg,kg,0,kg,1,0,kg,0,kg,1,0,doc,1,kg,1,1
966,type_d2k,doc,kg,doc,1,kg,1,1,kg,0,kg,1,0,kg,0,kg,1,0
967,type_d2k,doc,kg,doc,1,kg,1,1,kg,0,kg,1,0,doc,1,kg,1,1
968,type_d2k,doc,kg,doc,1,kg,1,1,doc,1,kg,1,1,doc,1,kg,1,1
969,type_d2k,doc,kg,table,0,kg,1,0,kg,0,kg,1,0,kg,0,kg,1,0
970,type_d2k,doc,kg,kg,0,kg,1,0,kg,0,kg,1,0,kg,0,kg,1,0
971,type_d2k,doc,kg,doc,1,kg,1,1,table,0,kg,1,0,doc,1,kg,1,1
972,type_d2k,doc,kg,doc,1,kg,1,1,doc,1,kg,1,1,doc,1,kg,1,1
973,type_d2k,doc,kg,doc,1,kg,1,1,kg,0,kg,1,0,kg,0,kg,1,0
974,type_d2k,doc,kg,table,0,kg,1,0,table,0,kg,1,0,kg,0,kg,1,0
975,type_d2k,doc,kg,doc,1,kg,1,1,kg,0,kg,1,0,kg,0,kg,1,0
976,type_d2k,doc,kg,doc,1,kg,1,1,kg,0,kg,1,0,kg,0,kg,1,0
977,type_d2k,doc,kg,doc,1,kg,1,1,kg,0,kg,1,0,kg,0,kg,1,0
978,type_d2k,doc,kg,doc,1,kg,1,1,doc,1,kg,1,1,kg,0,kg,1,0
979,type_d2k,doc,kg,doc,1,kg,1,1,doc,1,kg,1,1,doc,1,kg,1,1
980,type_d2k,doc,kg,doc,1,kg,1,1,kg,0,kg,1,0,kg,0,kg,1,0
981,type_d2k,doc,kg,doc,1,kg,1,1,kg,0,kg,1,0,kg,0,kg,1,0
982,type_d2k,doc,kg,doc,1,kg,1,1,kg,0,kg,1,0,kg,0,kg,1,0
983,type_d2k,doc,kg,doc,1,kg,1,1,kg,0,kg,1,0,kg,0,kg,1,0
984,type_d2k,doc,kg,table,0,kg,1,0,kg,0,kg,1,0,kg,0,kg,1,0
985,type_d2k,doc,kg,table,0,kg,1,0,table,0,kg,1,0,table,0,kg,1,0
986,type_d2k,doc,kg,table,0,kg,1,0,table,0,kg,1,0,kg,0,kg,1,0
987,type_d2k,doc,kg,doc,1,kg,1,1,table,0,kg,1,0,kg,0,kg,1,0
988,type_d2k,doc,kg,doc,1,kg,1,1,kg,0,kg,1,0,kg,0,kg,1,0
989,type_d2k,doc,kg,doc,1,kg,1,1,doc,1,kg,1,1,kg,0,kg,1,0
990,type_d2k,doc,kg,doc,1,kg,1,1,kg,0,kg,1,0,doc,1,kg,1,1
991,type_d2k,doc,kg,doc,1,kg,1,1,kg,0,kg,1,0,kg,0,kg,1,0
992,type_d2k,doc,kg,doc,1,kg,1,1,kg,0,kg,1,0,kg,0,kg,1,0
993,type_d2k,doc,kg,kg,0,kg,1,0,kg,0,kg,1,0,kg,0,kg,1,0
994,type_d2k,doc,kg,table,0,kg,1,0,kg,0,kg,1,0,kg,0,kg,1,0
995,type_d2k,doc,kg,doc,1,kg,1,1,kg,0,kg,1,0,kg,0,kg,1,0
996,type_d2k,doc,kg,doc,1,kg,1,1,kg,0,kg,1,0,kg,0,kg,1,0
997,type_d2k,doc,kg,doc,1,kg,1,1,doc,1,kg,1,1,kg,0,kg,1,0
998,type_d2k,doc,kg,doc,1,kg,1,1,doc,1,kg,1,1,kg,0,kg,1,0
999,type_d2k,doc,kg,doc,1,kg,1,1,table,0,kg,1,0,doc,1,kg,1,1
1000,type_d2k,doc,kg,doc,1,kg,1,1,kg,0,kg,1,0,kg,0,kg,1,0
1001,type_d2k,doc,kg,doc,1,kg,1,1,kg,0,kg,1,0,kg,0,kg,1,0
1002,type_d2k,doc,kg,table,0,kg,1,0,table,0,kg,1,0,kg,0,kg,1,0
1003,type_d2k,doc,kg,doc,1,kg,1,1,kg,0,kg,1,0,kg,0,kg,1,0
1004,type_d2k,doc,kg,doc,1,kg,1,1,kg,0,kg,1,0,kg,0,kg,1,0
1005,type_d2k,doc,kg,table,0,kg,1,0,doc,1,kg,1,1,doc,1,kg,1,1
1006,type_d2k,doc,kg,doc,1,kg,1,1,table,0,kg,1,0,doc,1,kg,1,1
1007,type_d2k,doc,kg,table,0,kg,1,0,table,0,kg,1,0,table,0,kg,1,0
1008,type_d2k,doc,kg,doc,1,kg,1,1,kg,0,kg,1,0,kg,0,kg,1,0
1009,type_d2k,doc,kg,doc,1,kg,1,1,kg,0,kg,1,0,doc,1,kg,1,1
1010,type_d2k,doc,kg,doc,1,kg,1,1,table,0,kg,1,0,kg,0,kg,1,0
1011,type_d2k,doc,kg,doc,1,kg,1,1,kg,0,kg,1,0,kg,0,kg,1,0
1012,type_d2k,doc,kg,table,0,kg,1,0,table,0,kg,1,0,kg,0,kg,1,0
1013,type_d2k,doc,kg,kg,0,kg,1,0,kg,0,kg,1,0,kg,0,kg,1,0
1014,type_d2k,doc,kg,kg,0,kg,1,0,kg,0,kg,1,0,kg,0,kg,1,0
1015,type_d2k,doc,kg,doc,1,kg,1,1,table,0,kg,1,0,doc,1,kg,1,1
1016,type_d2k,doc,kg,doc,1,kg,1,1,doc,1,kg,1,1,kg,0,kg,1,0
1017,type_d2k,doc,kg,table,0,kg,1,0,table,0,kg,1,0,kg,0,kg,1,0
1018,type_d2k,doc,kg,table,0,kg,1,0,kg,0,kg,1,0,kg,0,kg,1,0
1019,type_d2k,doc,kg,doc,1,kg,1,1,table,0,kg,1,0,doc,1,kg,1,1
1020,type_d2k,doc,kg,kg,0,kg,1,0,kg,0,kg,1,0,kg,0,kg,1,0
1021,type_d2k,doc,kg,doc,1,kg,1,1,kg,0,kg,1,0,doc,1,kg,1,1
1022,type_d2k,doc,kg,doc,1,kg,1,1,table,0,kg,1,0,doc,1,kg,1,1
1023,type_d2k,doc,kg,table,0,kg,1,0,table,0,kg,1,0,kg,0,kg,1,0
1024,type_d2k,doc,kg,table,0,kg,1,0,table,0,kg,1,0,table,0,kg,1,0
1025,type_d2k,doc,kg,table,0,kg,1,0,table,0,kg,1,0,kg,0,kg,1,0
1026,type_d2k,doc,kg,kg,0,kg,1,0,doc,1,kg,1,1,kg,0,kg,1,0
1027,type_d2k,doc,kg,doc,1,kg,1,1,kg,0,kg,1,0,kg,0,kg,1,0
1028,type_d2k,doc,kg,kg,0,kg,1,0,kg,0,kg,1,0,kg,0,kg,1,0
1029,type_d2k,doc,kg,doc,1,kg,1,1,table,0,kg,1,0,doc,1,kg,1,1
1030,type_d2k,doc,kg,doc,1,kg,1,1,kg,0,kg,1,0,kg,0,kg,1,0
1031,type_d2k,doc,kg,table,0,kg,1,0,table,0,kg,1,0,table,0,kg,1,0
1032,type_d2k,doc,kg,doc,1,kg,1,1,kg,0,kg,1,0,doc,1,kg,1,1
1033,type_d2k,doc,kg,table,0,kg,1,0,table,0,kg,1,0,doc,1,kg,1,1
1034,type_d2k,doc,kg,kg,0,kg,1,0,kg,0,kg,1,0,kg,0,kg,1,0
1035,type_d2k,doc,kg,doc,1,kg,1,1,kg,0,kg,1,0,doc,1,kg,1,1
1036,type_d2k,doc,kg,doc,1,kg,1,1,kg,0,kg,1,0,kg,0,kg,1,0
1037,type_d2k,doc,kg,doc,1,kg,1,1,kg,0,kg,1,0,doc,1,kg,1,1
1038,type_d2k,doc,kg,table,0,kg,1,0,table,0,kg,1,0,doc,1,kg,1,1
1039,type_d2k,doc,kg,doc,1,kg,1,1,table,0,kg,1,0,doc,1,kg,1,1
1040,type_d2k,doc,kg,doc,1,kg,1,1,kg,0,kg,1,0,doc,1,kg,1,1
1041,type_d2k,doc,kg,doc,1,kg,1,1,table,0,kg,1,0,kg,0,kg,1,0
1042,type_d2k,doc,kg,doc,1,kg,1,1,table,0,kg,1,0,kg,0,kg,1,0
1043,type_d2k,doc,kg,table,0,kg,1,0,table,0,kg,1,0,doc,1,kg,1,1
1044,type_d2k,doc,kg,doc,1,kg,1,1,doc,1,kg,1,1,doc,1,kg,1,1
1045,type_d2k,doc,kg,doc,1,kg,1,1,kg,0,kg,1,0,kg,0,kg,1,0
1046,type_d2k,doc,kg,table,0,kg,1,0,table,0,kg,1,0,kg,0,kg,1,0
1047,type_d2k,doc,kg,doc,1,kg,1,1,doc,1,kg,1,1,kg,0,kg,1,0
1048,type_d2k,doc,kg,doc,1,kg,1,1,kg,0,kg,1,0,kg,0,kg,1,0
1049,type_d2k,doc,kg,table,0,kg,1,0,table,0,kg,1,0,kg,0,kg,1,0
1050,type_d2k,doc,kg,doc,1,kg,1,1,table,0,kg,1,0,kg,0,kg,1,0
1051,type_d2k,doc,kg,doc,1,kg,1,1,kg,0,kg,1,0,doc,1,kg,1,1
1052,type_d2k,doc,kg,table,0,kg,1,0,table,0,kg,1,0,kg,0,kg,1,0
1053,type_d2k,doc,kg,table,0,kg,1,0,table,0,kg,1,0,doc,1,kg,1,1
1054,type_d2k,doc,kg,doc,1,kg,1,1,kg,0,kg,1,0,kg,0,kg,1,0
1055,type_d2k,doc,kg,kg,0,kg,1,0,kg,0,kg,1,0,kg,0,kg,1,0
1056,type_d2k,doc,kg,doc,1,kg,1,1,table,0,kg,1,0,kg,0,kg,1,0
1057,type_d2k,doc,kg,table,0,kg,1,0,table,0,kg,1,0,table,0,kg,1,0
1058,type_d2k,doc,kg,kg,0,kg,1,0,table,0,kg,1,0,doc,1,kg,1,1
1059,type_d2k,doc,kg,doc,1,kg,1,1,kg,0,kg,1,0,kg,0,kg,1,0
1060,type_d2k,doc,kg,doc,1,kg,1,1,kg,0,kg,1,0,kg,0,kg,1,0
1061,type_d2k,doc,kg,table,0,kg,1,0,table,0,kg,1,0,doc,1,kg,1,1
1062,type_d2k,doc,kg,kg,0,kg,1,0,kg,0,kg,1,0,kg,0,kg,1,0
1063,type_d2k,doc,kg,doc,1,kg,1,1,doc,1,kg,1,1,doc,1,kg,1,1
1064,type_d2k,doc,kg,doc,1,kg,1,1,table,0,kg,1,0,kg,0,kg,1,0
1065,type_d2k,doc,kg,doc,1,kg,1,1,kg,0,kg,1,0,doc,1,kg,1,1
1066,type_d2k,doc,kg,doc,1,kg,1,1,kg,0,kg,1,0,kg,0,kg,1,0
1067,type_d2k,doc,kg,doc,1,kg,1,1,kg,0,kg,1,0,kg,0,kg,1,0
1068,type_d2k,doc,kg,table,0,kg,1,0,table,0,kg,1,0,doc,1,kg,1,1
1069,type_d2k,doc,kg,table,0,kg,1,0,kg,0,kg,1,0,table,0,kg,1,0
1070,type_d2k,doc,kg,doc,1,kg,1,1,kg,0,kg,1,0,kg,0,kg,1,0
1071,type_d2k,doc,kg,kg,0,kg,1,0,kg,0,kg,1,0,doc,1,kg,1,1
1072,type_d2k,doc,kg,doc,1,kg,1,1,table,0,kg,1,0,kg,0,kg,1,0
1073,type_d2k,doc,kg,doc,1,kg,1,1,table,0,kg,1,0,kg,0,kg,1,0
1074,type_d2k,doc,kg,kg,0,kg,1,0,kg,0,kg,1,0,kg,0,kg,1,0
1075,type_d2k,doc,kg,doc,1,kg,1,1,doc,1,kg,1,1,kg,0,kg,1,0
1076,type_d2k,doc,kg,doc,1,kg,1,1,kg,0,kg,1,0,doc,1,kg,1,1
1077,type_d2k,doc,kg,doc,1,kg,1,1,kg,0,kg,1,0,kg,0,kg,1,0
1078,type_d2k,doc,kg,doc,1,kg,1,1,table,0,kg,1,0,doc,1,kg,1,1
1079,type_d2k,doc,kg,doc,1,kg,1,1,kg,0,kg,1,0,kg,0,kg,1,0
1080,type_d2k,doc,kg,doc,1,kg,1,1,kg,0,kg,1,0,kg,0,kg,1,0
1081,type_d2k,doc,kg,doc,1,kg,1,1,kg,0,kg,1,0,kg,0,kg,1,0
1082,type_d2k,doc,kg,table,0,kg,1,0,doc,1,kg,1,1,doc,1,kg,1,1
1083,type_d2k,doc,kg,doc,1,table,0,0,kg,0,kg,1,0,kg,0,table,0,0
1084,type_d2k,doc,kg,doc,1,kg,1,1,kg,0,kg,1,0,kg,0,kg,1,0
1085,type_d2k,doc,kg,doc,1,kg,1,1,doc,1,kg,1,1,doc,1,kg,1,1
1086,type_d2k,doc,kg,doc,1,kg,1,1,kg,0,kg,1,0,doc,1,kg,1,1
1087,type_d2k,doc,kg,kg,0,kg,1,0,kg,0,kg,1,0,doc,1,kg,1,1
1088,type_d2k,doc,kg,doc,1,kg,1,1,kg,0,kg,1,0,kg,0,kg,1,0
1089,type_d2k,doc,kg,doc,1,kg,1,1,doc,1,kg,1,1,kg,0,kg,1,0
1090,type_d2k,doc,kg,doc,1,kg,1,1,kg,0,kg,1,0,kg,0,kg,1,0
1091,type_d2k,doc,kg,doc,1,kg,1,1,kg,0,kg,1,0,kg,0,kg,1,0
1092,type_d2k,doc,kg,table,0,kg,1,0,table,0,kg,1,0,doc,1,kg,1,1
1093,type_d2k,doc,kg,doc,1,kg,1,1,kg,0,kg,1,0,doc,1,kg,1,1
1094,type_d2k,doc,kg,table,0,kg,1,0,table,0,kg,1,0,doc,1,kg,1,1
1095,type_d2k,doc,kg,doc,1,kg,1,1,doc,1,kg,1,1,doc,1,kg,1,1
1096,type_d2k,doc,kg,kg,0,kg,1,0,kg,0,kg,1,0,kg,0,kg,1,0
1097,type_d2k,doc,kg,kg,0,kg,1,0,kg,0,kg,1,0,kg,0,kg,1,0
1098,type_d2k,doc,kg,kg,0,kg,1,0,kg,0,kg,1,0,kg,0,kg,1,0
1099,type_d2k,doc,kg,kg,0,kg,1,0,kg,0,doc,0,0,kg,0,kg,1,0
1100,type_d2k,doc,kg,kg,0,kg,1,0,kg,0,kg,1,0,kg,0,kg,1,0
1101,type_d2k,doc,kg,doc,1,kg,1,1,kg,0,kg,1,0,kg,0,kg,1,0
1102,type_d2k,doc,kg,doc,1,kg,1,1,kg,0,kg,1,0,kg,0,kg,1,0
1103,type_d2k,doc,kg,doc,1,kg,1,1,kg,0,kg,1,0,kg,0,kg,1,0
1104,type_d2k,doc,kg,doc,1,kg,1,1,doc,1,kg,1,1,kg,0,kg,1,0
1105,type_d2k,doc,kg,table,0,kg,1,0,kg,0,kg,1,0,kg,0,kg,1,0
1106,type_d2k,doc,kg,table,0,kg,1,0,kg,0,kg,1,0,kg,0,kg,1,0
1107,type_d2k,doc,kg,table,0,kg,1,0,kg,0,kg,1,0,kg,0,kg,1,0
1108,type_d2k,doc,kg,kg,0,kg,1,0,kg,0,kg,1,0,kg,0,kg,1,0
1109,type_d2k,doc,kg,table,0,kg,1,0,kg,0,kg,1,0,kg,0,kg,1,0
1110,type_d2k,doc,kg,kg,0,kg,1,0,kg,0,kg,1,0,kg,0,kg,1,0
1111,type_d2k,doc,kg,doc,1,kg,1,1,kg,0,kg,1,0,doc,1,kg,1,1
1112,type_d2k,doc,kg,doc,1,kg,1,1,kg,0,kg,1,0,doc,1,doc,0,0
1113,type_d2k,doc,kg,doc,1,kg,1,1,kg,0,kg,1,0,doc,1,kg,1,1
1114,type_d2k,doc,kg,doc,1,kg,1,1,kg,0,kg,1,0,doc,1,kg,1,1
1115,type_d2k,doc,kg,doc,1,kg,1,1,kg,0,doc,0,0,doc,1,kg,1,1
1116,type_d2k,doc,kg,doc,1,kg,1,1,kg,0,kg,1,0,doc,1,kg,1,1
1117,type_d2k,doc,kg,doc,1,kg,1,1,doc,1,kg,1,1,doc,1,kg,1,1
1118,type_d2k,doc,kg,doc,1,kg,1,1,doc,1,kg,1,1,doc,1,kg,1,1
1119,type_d2k,doc,kg,doc,1,kg,1,1,doc,1,kg,1,1,doc,1,kg,1,1
1120,type_d2k,doc,kg,doc,1,kg,1,1,doc,1,kg,1,1,kg,0,kg,1,0
1121,type_d2k,doc,kg,kg,0,table,0,0,kg,0,kg,1,0,kg,0,kg,1,0
1122,type_d2k,doc,kg,kg,0,kg,1,0,kg,0,kg,1,0,kg,0,doc,0,0
1123,type_d2k,doc,kg,doc,1,kg,1,1,kg,0,kg,1,0,kg,0,kg,1,0
1124,type_d2k,doc,kg,kg,0,kg,1,0,kg,0,kg,1,0,kg,0,doc,0,0
1125,type_d2k,doc,kg,kg,0,kg,1,0,kg,0,kg,1,0,doc,1,kg,1,1
1126,type_d2k,doc,kg,doc,1,kg,1,1,kg,0,kg,1,0,kg,0,kg,1,0
1127,type_d2k,doc,kg,doc,1,kg,1,1,doc,1,kg,1,1,doc,1,kg,1,1
1128,type_d2k,doc,kg,doc,1,kg,1,1,doc,1,kg,1,1,doc,1,kg,1,1
1129,type_d2k,doc,kg,doc,1,kg,1,1,doc,1,doc,0,0,doc,1,kg,1,1
1130,type_d2k,doc,kg,doc,1,kg,1,1,doc,1,kg,1,1,kg,0,kg,1,0
1131,type_d2k,doc,kg,doc,1,kg,1,1,kg,0,kg,1,0,kg,0,doc,0,0
1132,type_d2k,doc,kg,doc,1,kg,1,1,kg,0,kg,1,0,kg,0,kg,1,0
1133,type_d2k,doc,kg,doc,1,kg,1,1,kg,0,kg,1,0,kg,0,kg,1,0
1134,type_d2k,doc,kg,doc,1,kg,1,1,kg,0,kg,1,0,kg,0,kg,1,0
1135,type_d2k,doc,kg,doc,1,kg,1,1,kg,0,kg,1,0,kg,0,kg,1,0
1136,type_d2k,doc,kg,doc,1,kg,1,1,kg,0,kg,1,0,kg,0,kg,1,0
1137,type_d2k,doc,kg,doc,1,kg,1,1,kg,0,kg,1,0,kg,0,kg,1,0
1138,type_d2k,doc,kg,doc,1,kg,1,1,kg,0,kg,1,0,kg,0,kg,1,0
1139,type_d2k,doc,kg,doc,1,kg,1,1,kg,0,kg,1,0,doc,1,kg,1,1
1140,type_d2k,doc,kg,doc,1,kg,1,1,kg,0,kg,1,0,doc,1,kg,1,1
1141,type_d2k,doc,kg,doc,1,kg,1,1,kg,0,kg,1,0,doc,1,kg,1,1
1142,type_d2k,doc,kg,doc,1,kg,1,1,kg,0,kg,1,0,kg,0,kg,1,0
1143,type_d2k,doc,kg,table,0,kg,1,0,table,0,kg,1,0,table,0,kg,1,0
1144,type_d2k,doc,kg,table,0,kg,1,0,table,0,kg,1,0,table,0,kg,1,0
1145,type_d2k,doc,kg,table,0,kg,1,0,table,0,kg,1,0,table,0,kg,1,0
1146,type_d2k,doc,kg,table,0,kg,1,0,table,0,kg,1,0,table,0,kg,1,0
1147,type_d2k,doc,kg,table,0,kg,1,0,table,0,kg,1,0,doc,1,kg,1,1
1148,type_d2k,doc,kg,table,0,kg,1,0,table,0,kg,1,0,doc,1,kg,1,1
1149,type_d2k,doc,kg,kg,0,kg,1,0,kg,0,kg,1,0,kg,0,doc,0,0
1150,type_d2k,doc,kg,kg,0,kg,1,0,kg,0,kg,1,0,kg,0,kg,1,0
1151,type_d2k,doc,kg,kg,0,kg,1,0,kg,0,kg,1,0,kg,0,kg,1,0
1152,type_d2k,doc,kg,kg,0,kg,1,0,kg,0,kg,1,0,kg,0,kg,1,0
1153,type_d2k,doc,kg,kg,0,kg,1,0,kg,0,kg,1,0,kg,0,kg,1,0
